0 verbose cli C:\Program Files\nodejs\node.exe C:\Users\ym706\AppData\Roaming\npm\node_modules\npm\bin\npm-cli.js
1 info using npm@11.19.1
2 info using node@v24.12.0
3 silly config load:file:C:\Users\ym706\AppData\Roaming\npm\node_modules\npm\npmrc
4 silly config load:file:C:\ai2\.npmrc
5 silly config load:file:C:\Users\ym706\.npmrc
6 silly config load:file:C:\Users\ym706\AppData\Roaming\npm\etc\npmrc
7 verbose title npm install
8 verbose argv "install" "--cache" "C:\\ai2\\.npm-cache" "--no-audit" "--no-fund"
9 verbose logfile logs-max:10 dir:C:\ai2\.npm-cache\_logs\2026-09-25T19_32_20_901Z-
10 verbose logfile C:\ai2\.npm-cache\_logs\2026-09-25T19_32_20_901Z-debug-0.log
11 silly logfile done cleaning log files
12 silly packumentCache heap:2348810240 maxSize:587202560 maxEntrySize:293601280
13 silly idealTree buildDeps
14 silly fetch manifest @supabase/ssr@^0.5.2
15 silly packumentCache full:https://registry.npmjs.org/@supabase%2fssr cache-miss
16 http fetch GET 200 https://registry.npmjs.org/npm 360ms
17 http fetch GET 200 https://registry.npmjs.org/@supabase%2fssr 694ms (cache miss)
18 silly packumentCache full:https://registry.npmjs.org/@supabase%2fssr set size:undefined disposed:false
19 silly fetch manifest @supabase/supabase-js@^2.49.1
20 silly packumentCache full:https://registry.npmjs.org/@supabase%2fsupabase-js cache-miss
21 http fetch GET 200 https://registry.npmjs.org/@supabase%2fsupabase-js 215ms (cache miss)
22 silly packumentCache full:https://registry.npmjs.org/@supabase%2fsupabase-js set size:undefined disposed:false
23 silly fetch manifest @opentelemetry/api@>=1.0.0
24 silly packumentCache full:https://registry.npmjs.org/@opentelemetry%2fapi cache-miss
25 http fetch GET 200 https://registry.npmjs.org/@opentelemetry%2fapi 92ms (cache miss)
26 silly packumentCache full:https://registry.npmjs.org/@opentelemetry%2fapi set size:undefined disposed:false
27 silly fetch manifest lucide-react@^0.468.0
28 silly packumentCache full:https://registry.npmjs.org/lucide-react cache-miss
29 http fetch GET 200 https://registry.npmjs.org/lucide-react 203ms (cache miss)
30 silly packumentCache full:https://registry.npmjs.org/lucide-react set size:undefined disposed:false
31 silly fetch manifest react@^19.0.0
32 silly packumentCache full:https://registry.npmjs.org/react cache-miss
33 http fetch GET 200 https://registry.npmjs.org/react 384ms (cache miss)
34 silly packumentCache full:https://registry.npmjs.org/react set size:undefined disposed:false
35 silly fetch manifest next@^15.1.3
36 silly packumentCache full:https://registry.npmjs.org/next cache-miss
37 http fetch GET 200 https://registry.npmjs.org/next 670ms (cache miss)
38 silly packumentCache full:https://registry.npmjs.org/next set size:undefined disposed:false
39 silly fetch manifest @opentelemetry/api@^1.1.0
40 silly packumentCache full:https://registry.npmjs.org/@opentelemetry%2fapi cache-miss
41 http cache https://registry.npmjs.org/@opentelemetry%2fapi 35ms (cache hit)
42 silly packumentCache full:https://registry.npmjs.org/@opentelemetry%2fapi set size:272967 disposed:false
43 silly fetch manifest @playwright/test@^1.51.1
44 silly packumentCache full:https://registry.npmjs.org/@playwright%2ftest cache-miss
45 http fetch GET 200 https://registry.npmjs.org/@playwright%2ftest 346ms (cache miss)
46 silly packumentCache full:https://registry.npmjs.org/@playwright%2ftest set size:undefined disposed:false
47 silly fetch manifest babel-plugin-react-compiler@*
48 silly packumentCache full:https://registry.npmjs.org/babel-plugin-react-compiler cache-miss
49 http fetch GET 200 https://registry.npmjs.org/babel-plugin-react-compiler 85ms (cache miss)
50 silly packumentCache full:https://registry.npmjs.org/babel-plugin-react-compiler set size:undefined disposed:false
51 silly fetch manifest react-dom@^19.0.0
52 silly packumentCache full:https://registry.npmjs.org/react-dom cache-miss
53 http fetch GET 200 https://registry.npmjs.org/react-dom 354ms (cache miss)
54 silly packumentCache full:https://registry.npmjs.org/react-dom set size:undefined disposed:false
55 silly fetch manifest sass@^1.3.0
56 silly packumentCache full:https://registry.npmjs.org/sass cache-miss
57 http fetch GET 200 https://registry.npmjs.org/sass 96ms (cache miss)
58 silly packumentCache full:https://registry.npmjs.org/sass set size:undefined disposed:false
59 silly fetch manifest eslint@^9.17.0
60 silly packumentCache full:https://registry.npmjs.org/eslint cache-miss
61 http fetch GET 200 https://registry.npmjs.org/eslint 114ms (cache miss)
62 silly packumentCache full:https://registry.npmjs.org/eslint set size:undefined disposed:false
63 silly fetch manifest jiti@*
64 silly packumentCache full:https://registry.npmjs.org/jiti cache-miss
65 http fetch GET 200 https://registry.npmjs.org/jiti 113ms (cache miss)
66 silly packumentCache full:https://registry.npmjs.org/jiti set size:undefined disposed:false
67 silly fetch manifest eslint-config-next@^15.1.3
68 silly packumentCache full:https://registry.npmjs.org/eslint-config-next cache-miss
69 http fetch GET 200 https://registry.npmjs.org/eslint-config-next 499ms (cache miss)
70 silly packumentCache full:https://registry.npmjs.org/eslint-config-next set size:undefined disposed:false
71 silly fetch manifest typescript@>=3.3.1
72 silly packumentCache full:https://registry.npmjs.org/typescript cache-miss
73 http fetch GET 200 https://registry.npmjs.org/typescript 523ms (cache miss)
74 silly packumentCache full:https://registry.npmjs.org/typescript set size:undefined disposed:false
75 silly placeDep ROOT @supabase/ssr@0.5.2 OK for: department-library@1.0.0 want: ^0.5.2
76 silly placeDep ROOT @supabase/supabase-js@2.117.2 OK for: @supabase/ssr@0.5.2 want: ^2.43.4
77 silly placeDep ROOT eslint@9.39.5 OK for: department-library@1.0.0 want: ^9.17.0
78 silly placeDep ROOT eslint-config-next@15.5.26 OK for: department-library@1.0.0 want: ^15.1.3
79 silly placeDep ROOT lucide-react@0.468.0 OK for: department-library@1.0.0 want: ^0.468.0
80 silly placeDep ROOT react@19.3.0 OK for: lucide-react@0.468.0 want: ^16.5.1 || ^17.0.0 || ^18.0.0 || ^19.0.0-rc
81 silly placeDep ROOT next@15.5.26 OK for: department-library@1.0.0 want: ^15.1.3
82 silly placeDep ROOT react-dom@19.3.0 OK for: next@15.5.26 want: ^18.2.0 || 19.0.0-rc-de68d2f4-20241204 || ^19.0.0
83 silly fetch manifest cookie@^0.7.0
84 silly packumentCache full:https://registry.npmjs.org/cookie cache-miss
85 silly fetch manifest @types/cookie@^0.6.0
86 silly packumentCache full:https://registry.npmjs.org/@types%2fcookie cache-miss
87 silly fetch manifest @supabase/auth-js@2.117.2
88 silly packumentCache full:https://registry.npmjs.org/@supabase%2fauth-js cache-miss
89 http fetch GET 200 https://registry.npmjs.org/cookie 86ms (cache miss)
90 silly packumentCache full:https://registry.npmjs.org/cookie set size:undefined disposed:false
91 silly fetch manifest @supabase/storage-js@2.117.2
92 silly packumentCache full:https://registry.npmjs.org/@supabase%2fstorage-js cache-miss
93 http fetch GET 200 https://registry.npmjs.org/@supabase%2fstorage-js 165ms (cache miss)
94 silly packumentCache full:https://registry.npmjs.org/@supabase%2fstorage-js set size:undefined disposed:false
95 silly fetch manifest @supabase/realtime-js@2.117.2
96 silly packumentCache full:https://registry.npmjs.org/@supabase%2frealtime-js cache-miss
97 http fetch GET 200 https://registry.npmjs.org/@supabase%2fauth-js 380ms (cache miss)
98 silly packumentCache full:https://registry.npmjs.org/@supabase%2fauth-js set size:undefined disposed:false
99 silly fetch manifest @supabase/functions-js@2.117.2
100 silly packumentCache full:https://registry.npmjs.org/@supabase%2ffunctions-js cache-miss
101 http fetch GET 200 https://registry.npmjs.org/@types%2fcookie 488ms (cache miss)
102 silly packumentCache full:https://registry.npmjs.org/@types%2fcookie set size:undefined disposed:false
103 silly fetch manifest @supabase/postgrest-js@2.117.2
104 silly packumentCache full:https://registry.npmjs.org/@supabase%2fpostgrest-js cache-miss
105 http fetch GET 200 https://registry.npmjs.org/@supabase%2ffunctions-js 183ms (cache miss)
106 silly packumentCache full:https://registry.npmjs.org/@supabase%2ffunctions-js set size:undefined disposed:false
107 silly fetch manifest ajv@^6.14.0
108 silly packumentCache full:https://registry.npmjs.org/ajv cache-miss
109 http fetch GET 200 https://registry.npmjs.org/ajv 115ms (cache miss)
110 silly packumentCache full:https://registry.npmjs.org/ajv set size:undefined disposed:false
111 silly fetch manifest chalk@^4.0.0
112 silly packumentCache full:https://registry.npmjs.org/chalk cache-miss
113 http fetch GET 200 https://registry.npmjs.org/chalk 91ms (cache miss)
114 silly packumentCache full:https://registry.npmjs.org/chalk set size:undefined disposed:false
115 silly fetch manifest debug@^4.3.2
116 silly packumentCache full:https://registry.npmjs.org/debug cache-miss
117 http fetch GET 200 https://registry.npmjs.org/@supabase%2frealtime-js 543ms (cache miss)
118 silly packumentCache full:https://registry.npmjs.org/@supabase%2frealtime-js set size:undefined disposed:false
119 silly fetch manifest espree@^10.4.0
120 silly packumentCache full:https://registry.npmjs.org/espree cache-miss
121 http fetch GET 200 https://registry.npmjs.org/@supabase%2fpostgrest-js 365ms (cache miss)
122 silly packumentCache full:https://registry.npmjs.org/@supabase%2fpostgrest-js set size:undefined disposed:false
123 silly fetch manifest ignore@^5.2.0
124 silly packumentCache full:https://registry.npmjs.org/ignore cache-miss
125 http fetch GET 200 https://registry.npmjs.org/debug 79ms (cache miss)
126 silly packumentCache full:https://registry.npmjs.org/debug set size:undefined disposed:false
127 silly fetch manifest esquery@^1.5.0
128 silly packumentCache full:https://registry.npmjs.org/esquery cache-miss
129 http fetch GET 200 https://registry.npmjs.org/espree 99ms (cache miss)
130 silly packumentCache full:https://registry.npmjs.org/espree set size:undefined disposed:false
131 silly fetch manifest esutils@^2.0.2
132 silly packumentCache full:https://registry.npmjs.org/esutils cache-miss
133 http fetch GET 200 https://registry.npmjs.org/ignore 69ms (cache miss)
134 silly packumentCache full:https://registry.npmjs.org/ignore set size:undefined disposed:false
135 silly fetch manifest find-up@^5.0.0
136 silly packumentCache full:https://registry.npmjs.org/find-up cache-miss
137 http fetch GET 200 https://registry.npmjs.org/esquery 68ms (cache miss)
138 silly packumentCache full:https://registry.npmjs.org/esquery set size:undefined disposed:false
139 silly fetch manifest is-glob@^4.0.0
140 silly packumentCache full:https://registry.npmjs.org/is-glob cache-miss
141 http fetch GET 200 https://registry.npmjs.org/esutils 68ms (cache miss)
142 silly packumentCache full:https://registry.npmjs.org/esutils set size:undefined disposed:false
143 silly fetch manifest minimatch@^3.1.5
144 silly packumentCache full:https://registry.npmjs.org/minimatch cache-miss
145 http fetch GET 200 https://registry.npmjs.org/is-glob 66ms (cache miss)
146 silly packumentCache full:https://registry.npmjs.org/is-glob set size:undefined disposed:false
147 silly fetch manifest @eslint/js@9.39.5
148 silly packumentCache full:https://registry.npmjs.org/@eslint%2fjs cache-miss
149 http fetch GET 200 https://registry.npmjs.org/minimatch 88ms (cache miss)
150 silly packumentCache full:https://registry.npmjs.org/minimatch set size:undefined disposed:false
151 silly fetch manifest optionator@^0.9.3
152 silly packumentCache full:https://registry.npmjs.org/optionator cache-miss
153 http fetch GET 200 https://registry.npmjs.org/@eslint%2fjs 77ms (cache miss)
154 silly packumentCache full:https://registry.npmjs.org/@eslint%2fjs set size:undefined disposed:false
155 silly fetch manifest cross-spawn@^7.0.6
156 silly packumentCache full:https://registry.npmjs.org/cross-spawn cache-miss
157 http fetch GET 200 https://registry.npmjs.org/optionator 73ms (cache miss)
158 silly packumentCache full:https://registry.npmjs.org/optionator set size:undefined disposed:false
159 silly fetch manifest glob-parent@^6.0.2
160 silly packumentCache full:https://registry.npmjs.org/glob-parent cache-miss
161 http fetch GET 200 https://registry.npmjs.org/cross-spawn 81ms (cache miss)
162 silly packumentCache full:https://registry.npmjs.org/cross-spawn set size:undefined disposed:false
163 silly fetch manifest imurmurhash@^0.1.4
164 silly packumentCache full:https://registry.npmjs.org/imurmurhash cache-miss
165 http fetch GET 200 https://registry.npmjs.org/find-up 266ms (cache miss)
166 silly packumentCache full:https://registry.npmjs.org/find-up set size:undefined disposed:false
167 silly fetch manifest @eslint/core@^0.17.0
168 silly packumentCache full:https://registry.npmjs.org/@eslint%2fcore cache-miss
169 http fetch GET 200 https://registry.npmjs.org/glob-parent 73ms (cache miss)
170 silly packumentCache full:https://registry.npmjs.org/glob-parent set size:undefined disposed:false
171 silly fetch manifest eslint-scope@^8.4.0
172 silly packumentCache full:https://registry.npmjs.org/eslint-scope cache-miss
173 http fetch GET 200 https://registry.npmjs.org/imurmurhash 66ms (cache miss)
174 silly packumentCache full:https://registry.npmjs.org/imurmurhash set size:undefined disposed:false
175 silly fetch manifest lodash.merge@^4.6.2
176 silly packumentCache full:https://registry.npmjs.org/lodash.merge cache-miss
177 http fetch GET 200 https://registry.npmjs.org/@eslint%2fcore 78ms (cache miss)
178 silly packumentCache full:https://registry.npmjs.org/@eslint%2fcore set size:undefined disposed:false
179 silly fetch manifest @humanfs/node@^0.16.6
180 silly packumentCache full:https://registry.npmjs.org/@humanfs%2fnode cache-miss
181 http fetch GET 200 https://registry.npmjs.org/eslint-scope 87ms (cache miss)
182 silly packumentCache full:https://registry.npmjs.org/eslint-scope set size:undefined disposed:false
183 silly fetch manifest @types/estree@^1.0.6
184 silly packumentCache full:https://registry.npmjs.org/@types%2festree cache-miss
185 http fetch GET 200 https://registry.npmjs.org/lodash.merge 73ms (cache miss)
186 silly packumentCache full:https://registry.npmjs.org/lodash.merge set size:undefined disposed:false
187 silly fetch manifest fast-deep-equal@^3.1.3
188 silly packumentCache full:https://registry.npmjs.org/fast-deep-equal cache-miss
189 http fetch GET 200 https://registry.npmjs.org/@humanfs%2fnode 76ms (cache miss)
190 silly packumentCache full:https://registry.npmjs.org/@humanfs%2fnode set size:undefined disposed:false
191 silly fetch manifest natural-compare@^1.4.0
192 silly packumentCache full:https://registry.npmjs.org/natural-compare cache-miss
193 http fetch GET 200 https://registry.npmjs.org/fast-deep-equal 67ms (cache miss)
194 silly packumentCache full:https://registry.npmjs.org/fast-deep-equal set size:undefined disposed:false
195 silly fetch manifest @eslint/eslintrc@^3.3.6
196 silly packumentCache full:https://registry.npmjs.org/@eslint%2feslintrc cache-miss
197 http fetch GET 200 https://registry.npmjs.org/@types%2festree 85ms (cache miss)
198 silly packumentCache full:https://registry.npmjs.org/@types%2festree set size:undefined disposed:false
199 silly fetch manifest file-entry-cache@^8.0.0
200 silly packumentCache full:https://registry.npmjs.org/file-entry-cache cache-miss
201 http fetch GET 200 https://registry.npmjs.org/natural-compare 60ms (cache miss)
202 silly packumentCache full:https://registry.npmjs.org/natural-compare set size:undefined disposed:false
203 silly fetch manifest @eslint/plugin-kit@^0.4.1
204 silly packumentCache full:https://registry.npmjs.org/@eslint%2fplugin-kit cache-miss
205 http fetch GET 200 https://registry.npmjs.org/@eslint%2feslintrc 81ms (cache miss)
206 silly packumentCache full:https://registry.npmjs.org/@eslint%2feslintrc set size:undefined disposed:false
207 silly fetch manifest eslint-visitor-keys@^4.2.1
208 silly packumentCache full:https://registry.npmjs.org/eslint-visitor-keys cache-miss
209 http fetch GET 200 https://registry.npmjs.org/file-entry-cache 78ms (cache miss)
210 silly packumentCache full:https://registry.npmjs.org/file-entry-cache set size:undefined disposed:false
211 silly fetch manifest @eslint/config-array@^0.21.2
212 silly packumentCache full:https://registry.npmjs.org/@eslint%2fconfig-array cache-miss
213 http fetch GET 200 https://registry.npmjs.org/@eslint%2fplugin-kit 71ms (cache miss)
214 silly packumentCache full:https://registry.npmjs.org/@eslint%2fplugin-kit set size:undefined disposed:false
215 silly fetch manifest @humanwhocodes/retry@^0.4.2
216 silly packumentCache full:https://registry.npmjs.org/@humanwhocodes%2fretry cache-miss
217 http fetch GET 200 https://registry.npmjs.org/eslint-visitor-keys 81ms (cache miss)
218 silly packumentCache full:https://registry.npmjs.org/eslint-visitor-keys set size:undefined disposed:false
219 silly fetch manifest escape-string-regexp@^4.0.0
220 silly packumentCache full:https://registry.npmjs.org/escape-string-regexp cache-miss
221 http fetch GET 200 https://registry.npmjs.org/@eslint%2fconfig-array 142ms (cache miss)
222 silly packumentCache full:https://registry.npmjs.org/@eslint%2fconfig-array set size:undefined disposed:false
223 silly fetch manifest @eslint/config-helpers@^0.4.2
224 silly packumentCache full:https://registry.npmjs.org/@eslint%2fconfig-helpers cache-miss
225 http fetch GET 200 https://registry.npmjs.org/@humanwhocodes%2fretry 133ms (cache miss)
226 silly packumentCache full:https://registry.npmjs.org/@humanwhocodes%2fretry set size:undefined disposed:false
227 silly fetch manifest @eslint-community/regexpp@^4.12.1
228 silly packumentCache full:https://registry.npmjs.org/@eslint-community%2fregexpp cache-miss
229 http fetch GET 200 https://registry.npmjs.org/escape-string-regexp 136ms (cache miss)
230 silly packumentCache full:https://registry.npmjs.org/escape-string-regexp set size:undefined disposed:false
231 silly fetch manifest @eslint-community/eslint-utils@^4.8.0
232 silly packumentCache full:https://registry.npmjs.org/@eslint-community%2feslint-utils cache-miss
233 http fetch GET 200 https://registry.npmjs.org/@eslint-community%2fregexpp 71ms (cache miss)
234 silly packumentCache full:https://registry.npmjs.org/@eslint-community%2fregexpp set size:undefined disposed:false
235 silly fetch manifest @humanwhocodes/module-importer@^1.0.1
236 silly packumentCache full:https://registry.npmjs.org/@humanwhocodes%2fmodule-importer cache-miss
237 http fetch GET 200 https://registry.npmjs.org/@eslint-community%2feslint-utils 73ms (cache miss)
238 silly packumentCache full:https://registry.npmjs.org/@eslint-community%2feslint-utils set size:undefined disposed:false
239 silly fetch manifest json-stable-stringify-without-jsonify@^1.0.1
240 silly packumentCache full:https://registry.npmjs.org/json-stable-stringify-without-jsonify cache-miss
241 http fetch GET 200 https://registry.npmjs.org/@humanwhocodes%2fmodule-importer 71ms (cache miss)
242 silly packumentCache full:https://registry.npmjs.org/@humanwhocodes%2fmodule-importer set size:undefined disposed:false
243 silly fetch manifest eslint-plugin-react@^7.37.0
244 silly packumentCache full:https://registry.npmjs.org/eslint-plugin-react cache-miss
245 http fetch GET 200 https://registry.npmjs.org/json-stable-stringify-without-jsonify 59ms (cache miss)
246 silly packumentCache full:https://registry.npmjs.org/json-stable-stringify-without-jsonify set size:undefined disposed:false
247 silly fetch manifest eslint-plugin-import@^2.31.0
248 silly packumentCache full:https://registry.npmjs.org/eslint-plugin-import cache-miss
249 http fetch GET 200 https://registry.npmjs.org/eslint-plugin-react 82ms (cache miss)
250 silly packumentCache full:https://registry.npmjs.org/eslint-plugin-react set size:undefined disposed:false
251 silly fetch manifest eslint-plugin-jsx-a11y@^6.10.0
252 silly packumentCache full:https://registry.npmjs.org/eslint-plugin-jsx-a11y cache-miss
253 http fetch GET 200 https://registry.npmjs.org/@eslint%2fconfig-helpers 265ms (cache miss)
254 silly packumentCache full:https://registry.npmjs.org/@eslint%2fconfig-helpers set size:undefined disposed:false
255 silly fetch manifest @rushstack/eslint-patch@^1.10.3
256 silly packumentCache full:https://registry.npmjs.org/@rushstack%2feslint-patch cache-miss
257 http fetch GET 200 https://registry.npmjs.org/eslint-plugin-import 78ms (cache miss)
258 silly packumentCache full:https://registry.npmjs.org/eslint-plugin-import set size:undefined disposed:false
259 silly fetch manifest @next/eslint-plugin-next@15.5.26
260 silly packumentCache full:https://registry.npmjs.org/@next%2feslint-plugin-next cache-miss
261 http fetch GET 200 https://registry.npmjs.org/eslint-plugin-jsx-a11y 67ms (cache miss)
262 silly packumentCache full:https://registry.npmjs.org/eslint-plugin-jsx-a11y set size:undefined disposed:false
263 silly fetch manifest @typescript-eslint/parser@^5.4.2 || ^6.0.0 || ^7.0.0 || ^8.0.0
264 silly packumentCache full:https://registry.npmjs.org/@typescript-eslint%2fparser cache-miss
265 http fetch GET 200 https://registry.npmjs.org/@rushstack%2feslint-patch 465ms (cache miss)
266 silly packumentCache full:https://registry.npmjs.org/@rushstack%2feslint-patch set size:undefined disposed:false
267 silly fetch manifest eslint-plugin-react-hooks@^5.0.0
268 silly packumentCache full:https://registry.npmjs.org/eslint-plugin-react-hooks cache-miss
269 http fetch GET 200 https://registry.npmjs.org/@next%2feslint-plugin-next 464ms (cache miss)
270 silly packumentCache full:https://registry.npmjs.org/@next%2feslint-plugin-next set size:undefined disposed:false
271 silly fetch manifest eslint-import-resolver-node@^0.3.6
272 silly packumentCache full:https://registry.npmjs.org/eslint-import-resolver-node cache-miss
273 http fetch GET 200 https://registry.npmjs.org/eslint-plugin-react-hooks 465ms (cache miss)
274 silly packumentCache full:https://registry.npmjs.org/eslint-plugin-react-hooks set size:undefined disposed:false
275 silly fetch manifest @typescript-eslint/eslint-plugin@^5.4.2 || ^6.0.0 || ^7.0.0 || ^8.0.0
276 silly packumentCache full:https://registry.npmjs.org/@typescript-eslint%2feslint-plugin cache-miss
277 http fetch GET 200 https://registry.npmjs.org/@typescript-eslint%2fparser 1025ms (cache miss)
278 silly packumentCache full:https://registry.npmjs.org/@typescript-eslint%2fparser set size:undefined disposed:false
279 silly fetch manifest eslint-import-resolver-typescript@^3.5.2
280 silly packumentCache full:https://registry.npmjs.org/eslint-import-resolver-typescript cache-miss
281 http fetch GET 200 https://registry.npmjs.org/eslint-import-resolver-node 788ms (cache miss)
282 silly packumentCache full:https://registry.npmjs.org/eslint-import-resolver-node set size:undefined disposed:false
283 silly fetch manifest postcss@8.4.31
284 silly packumentCache full:https://registry.npmjs.org/postcss cache-miss
285 http fetch GET 200 https://registry.npmjs.org/eslint-import-resolver-typescript 296ms (cache miss)
286 silly packumentCache full:https://registry.npmjs.org/eslint-import-resolver-typescript set size:undefined disposed:false
287 silly fetch manifest @next/env@15.5.26
288 silly packumentCache full:https://registry.npmjs.org/@next%2fenv cache-miss
289 http fetch GET 200 https://registry.npmjs.org/@typescript-eslint%2feslint-plugin 878ms (cache miss)
290 silly packumentCache full:https://registry.npmjs.org/@typescript-eslint%2feslint-plugin set size:undefined disposed:false
291 silly fetch manifest styled-jsx@5.1.6
292 silly packumentCache full:https://registry.npmjs.org/styled-jsx cache-miss
293 http fetch GET 200 https://registry.npmjs.org/@next%2fenv 556ms (cache miss)
294 silly packumentCache full:https://registry.npmjs.org/@next%2fenv set size:undefined disposed:false
295 silly fetch manifest @swc/helpers@0.5.15
296 silly packumentCache full:https://registry.npmjs.org/@swc%2fhelpers cache-miss
297 http fetch GET 200 https://registry.npmjs.org/postcss 996ms (cache miss)
298 silly packumentCache full:https://registry.npmjs.org/postcss set size:undefined disposed:false
299 silly fetch manifest caniuse-lite@^1.0.30001579
300 silly packumentCache full:https://registry.npmjs.org/caniuse-lite cache-miss
301 http fetch GET 200 https://registry.npmjs.org/@swc%2fhelpers 141ms (cache miss)
302 silly packumentCache full:https://registry.npmjs.org/@swc%2fhelpers set size:undefined disposed:false
303 silly fetch manifest sharp@^0.34.3 || ^0.35.4
304 silly packumentCache full:https://registry.npmjs.org/sharp cache-miss
305 http fetch GET 200 https://registry.npmjs.org/styled-jsx 373ms (cache miss)
306 silly packumentCache full:https://registry.npmjs.org/styled-jsx set size:undefined disposed:false
307 silly fetch manifest @next/swc-darwin-x64@15.5.26
308 silly packumentCache full:https://registry.npmjs.org/@next%2fswc-darwin-x64 cache-miss
309 http fetch GET 200 https://registry.npmjs.org/sharp 98ms (cache miss)
310 silly packumentCache full:https://registry.npmjs.org/sharp set size:undefined disposed:false
311 silly fetch manifest @next/swc-darwin-arm64@15.5.26
312 silly packumentCache full:https://registry.npmjs.org/@next%2fswc-darwin-arm64 cache-miss
313 http fetch GET 200 https://registry.npmjs.org/@next%2fswc-darwin-x64 643ms (cache miss)
314 silly packumentCache full:https://registry.npmjs.org/@next%2fswc-darwin-x64 set size:undefined disposed:false
315 silly fetch manifest @next/swc-linux-x64-gnu@15.5.26
316 silly packumentCache full:https://registry.npmjs.org/@next%2fswc-linux-x64-gnu cache-miss
317 http fetch GET 200 https://registry.npmjs.org/@next%2fswc-darwin-arm64 605ms (cache miss)
318 silly packumentCache full:https://registry.npmjs.org/@next%2fswc-darwin-arm64 set size:undefined disposed:false
319 silly fetch manifest @next/swc-linux-x64-musl@15.5.26
320 silly packumentCache full:https://registry.npmjs.org/@next%2fswc-linux-x64-musl cache-miss
321 http fetch GET 200 https://registry.npmjs.org/caniuse-lite 1293ms (cache miss)
322 silly packumentCache full:https://registry.npmjs.org/caniuse-lite set size:undefined disposed:false
323 silly fetch manifest @next/swc-win32-x64-msvc@15.5.26
324 silly packumentCache full:https://registry.npmjs.org/@next%2fswc-win32-x64-msvc cache-miss
325 http fetch GET 200 https://registry.npmjs.org/@next%2fswc-linux-x64-musl 543ms (cache miss)
326 silly packumentCache full:https://registry.npmjs.org/@next%2fswc-linux-x64-musl set size:undefined disposed:false
327 silly fetch manifest @next/swc-linux-arm64-gnu@15.5.26
328 silly packumentCache full:https://registry.npmjs.org/@next%2fswc-linux-arm64-gnu cache-miss
329 http fetch GET 200 https://registry.npmjs.org/@next%2fswc-linux-x64-gnu 813ms (cache miss)
330 silly packumentCache full:https://registry.npmjs.org/@next%2fswc-linux-x64-gnu set size:undefined disposed:false
331 silly fetch manifest @next/swc-linux-arm64-musl@15.5.26
332 silly packumentCache full:https://registry.npmjs.org/@next%2fswc-linux-arm64-musl cache-miss
333 http fetch GET 200 https://registry.npmjs.org/@next%2fswc-linux-arm64-gnu 442ms (cache miss)
334 silly packumentCache full:https://registry.npmjs.org/@next%2fswc-linux-arm64-gnu set size:undefined disposed:false
335 silly fetch manifest @next/swc-win32-arm64-msvc@15.5.26
336 silly packumentCache full:https://registry.npmjs.org/@next%2fswc-win32-arm64-msvc cache-miss
337 http fetch GET 200 https://registry.npmjs.org/@next%2fswc-win32-x64-msvc 1020ms (cache miss)
338 silly packumentCache full:https://registry.npmjs.org/@next%2fswc-win32-x64-msvc set size:undefined disposed:false
339 silly fetch manifest scheduler@^0.28.0
340 silly packumentCache full:https://registry.npmjs.org/scheduler cache-miss
341 http fetch GET 200 https://registry.npmjs.org/@next%2fswc-linux-arm64-musl 743ms (cache miss)
342 silly packumentCache full:https://registry.npmjs.org/@next%2fswc-linux-arm64-musl set size:undefined disposed:false
343 http fetch GET 200 https://registry.npmjs.org/@next%2fswc-win32-arm64-msvc 500ms (cache miss)
344 silly packumentCache full:https://registry.npmjs.org/@next%2fswc-win32-arm64-msvc set size:undefined disposed:false
345 http fetch GET 200 https://registry.npmjs.org/scheduler 866ms (cache miss)
346 silly packumentCache full:https://registry.npmjs.org/scheduler set size:undefined disposed:false
347 silly placeDep ROOT @types/cookie@0.6.0 OK for: @supabase/ssr@0.5.2 want: ^0.6.0
348 silly placeDep ROOT cookie@0.7.2 OK for: @supabase/ssr@0.5.2 want: ^0.7.0
349 silly placeDep ROOT @supabase/auth-js@2.117.2 OK for: @supabase/supabase-js@2.117.2 want: 2.117.2
350 silly placeDep ROOT @supabase/functions-js@2.117.2 OK for: @supabase/supabase-js@2.117.2 want: 2.117.2
351 silly placeDep ROOT @supabase/postgrest-js@2.117.2 OK for: @supabase/supabase-js@2.117.2 want: 2.117.2
352 silly placeDep ROOT @supabase/realtime-js@2.117.2 OK for: @supabase/supabase-js@2.117.2 want: 2.117.2
353 silly placeDep ROOT @supabase/storage-js@2.117.2 OK for: @supabase/supabase-js@2.117.2 want: 2.117.2
354 silly fetch manifest tslib@2.8.1
355 silly packumentCache full:https://registry.npmjs.org/tslib cache-miss
356 silly fetch manifest tslib@2.8.1
357 silly packumentCache full:https://registry.npmjs.org/tslib cache-miss
358 silly fetch manifest tslib@2.8.1
359 silly packumentCache full:https://registry.npmjs.org/tslib cache-miss
360 http fetch GET 200 https://registry.npmjs.org/tslib 69ms (cache miss)
361 silly packumentCache full:https://registry.npmjs.org/tslib set size:undefined disposed:false
362 silly fetch manifest @supabase/phoenix@0.4.5
363 silly packumentCache full:https://registry.npmjs.org/@supabase%2fphoenix cache-miss
364 http fetch GET 200 https://registry.npmjs.org/tslib 80ms (cache miss)
365 silly packumentCache full:https://registry.npmjs.org/tslib set size:undefined disposed:false
366 silly fetch manifest iceberg-js@^0.8.1
367 silly packumentCache full:https://registry.npmjs.org/iceberg-js cache-miss
368 http fetch GET 200 https://registry.npmjs.org/tslib 84ms (cache miss)
369 silly packumentCache full:https://registry.npmjs.org/tslib set size:undefined disposed:false
370 http fetch GET 200 https://registry.npmjs.org/iceberg-js 96ms (cache miss)
371 silly packumentCache full:https://registry.npmjs.org/iceberg-js set size:undefined disposed:false
372 http fetch GET 200 https://registry.npmjs.org/@supabase%2fphoenix 316ms (cache miss)
373 silly packumentCache full:https://registry.npmjs.org/@supabase%2fphoenix set size:undefined disposed:false
374 silly placeDep ROOT tslib@2.8.1 OK for: @supabase/auth-js@2.117.2 want: 2.8.1
375 silly placeDep ROOT @supabase/phoenix@0.4.5 OK for: @supabase/realtime-js@2.117.2 want: 0.4.5
376 silly placeDep ROOT iceberg-js@0.8.1 OK for: @supabase/storage-js@2.117.2 want: ^0.8.1
377 silly fetch manifest eslint@^6.0.0 || ^7.0.0 || >=8.0.0
378 silly packumentCache full:https://registry.npmjs.org/eslint cache-miss
379 http cache https://registry.npmjs.org/eslint 17ms (cache hit)
380 silly packumentCache full:https://registry.npmjs.org/eslint set size:2085131 disposed:false
381 silly placeDep ROOT @eslint-community/eslint-utils@4.10.1 OK for: eslint@9.39.5 want: ^4.8.0
382 silly placeDep ROOT @eslint-community/regexpp@4.12.2 OK for: eslint@9.39.5 want: ^4.12.1
383 silly placeDep ROOT @eslint/config-array@0.21.2 OK for: eslint@9.39.5 want: ^0.21.2
384 silly placeDep ROOT @eslint/config-helpers@0.4.2 OK for: eslint@9.39.5 want: ^0.4.2
385 silly placeDep ROOT @eslint/core@0.17.0 OK for: eslint@9.39.5 want: ^0.17.0
386 silly placeDep ROOT @eslint/eslintrc@3.3.7 OK for: eslint@9.39.5 want: ^3.3.6
387 silly placeDep ROOT @eslint/js@9.39.5 OK for: eslint@9.39.5 want: 9.39.5
388 silly placeDep ROOT @eslint/plugin-kit@0.4.1 OK for: eslint@9.39.5 want: ^0.4.1
389 silly placeDep ROOT @humanfs/node@0.16.8 OK for: eslint@9.39.5 want: ^0.16.6
390 silly placeDep ROOT @humanwhocodes/module-importer@1.0.1 OK for: eslint@9.39.5 want: ^1.0.1
391 silly placeDep ROOT @humanwhocodes/retry@0.4.3 OK for: eslint@9.39.5 want: ^0.4.2
392 silly placeDep ROOT @types/estree@1.0.9 OK for: eslint@9.39.5 want: ^1.0.6
393 silly placeDep ROOT ajv@6.15.0 OK for: eslint@9.39.5 want: ^6.14.0
394 silly placeDep ROOT chalk@4.1.2 OK for: eslint@9.39.5 want: ^4.0.0
395 silly placeDep ROOT cross-spawn@7.0.6 OK for: eslint@9.39.5 want: ^7.0.6
396 silly placeDep ROOT debug@4.4.3 OK for: eslint@9.39.5 want: ^4.3.2
397 silly placeDep ROOT escape-string-regexp@4.0.0 OK for: eslint@9.39.5 want: ^4.0.0
398 silly placeDep ROOT eslint-scope@8.4.0 OK for: eslint@9.39.5 want: ^8.4.0
399 silly placeDep ROOT eslint-visitor-keys@4.2.1 OK for: eslint@9.39.5 want: ^4.2.1
400 silly placeDep ROOT espree@10.4.0 OK for: eslint@9.39.5 want: ^10.4.0
401 silly placeDep ROOT esquery@1.7.0 OK for: eslint@9.39.5 want: ^1.5.0
402 silly placeDep ROOT esutils@2.0.3 OK for: eslint@9.39.5 want: ^2.0.2
403 silly placeDep ROOT fast-deep-equal@3.1.3 OK for: eslint@9.39.5 want: ^3.1.3
404 silly placeDep ROOT file-entry-cache@8.0.0 OK for: eslint@9.39.5 want: ^8.0.0
405 silly placeDep ROOT find-up@5.0.0 OK for: eslint@9.39.5 want: ^5.0.0
406 silly placeDep ROOT glob-parent@6.0.2 OK for: eslint@9.39.5 want: ^6.0.2
407 silly placeDep ROOT ignore@5.3.2 OK for: eslint@9.39.5 want: ^5.2.0
408 silly placeDep ROOT imurmurhash@0.1.4 OK for: eslint@9.39.5 want: ^0.1.4
409 silly placeDep ROOT is-glob@4.0.3 OK for: eslint@9.39.5 want: ^4.0.0
410 silly placeDep ROOT json-stable-stringify-without-jsonify@1.0.1 OK for: eslint@9.39.5 want: ^1.0.1
411 silly placeDep ROOT lodash.merge@4.6.2 OK for: eslint@9.39.5 want: ^4.6.2
412 silly placeDep ROOT minimatch@3.1.5 OK for: eslint@9.39.5 want: ^3.1.5
413 silly placeDep ROOT natural-compare@1.4.0 OK for: eslint@9.39.5 want: ^1.4.0
414 silly placeDep ROOT optionator@0.9.4 OK for: eslint@9.39.5 want: ^0.9.3
415 silly fetch manifest eslint-visitor-keys@^3.4.3
416 silly packumentCache full:https://registry.npmjs.org/eslint-visitor-keys cache-miss
417 silly fetch manifest debug@^4.3.1
418 silly packumentCache full:https://registry.npmjs.org/debug cache-miss
419 silly fetch manifest @eslint/object-schema@^2.1.7
420 silly packumentCache full:https://registry.npmjs.org/@eslint%2fobject-schema cache-miss
421 http cache https://registry.npmjs.org/eslint-visitor-keys 27ms (cache hit)
422 silly packumentCache full:https://registry.npmjs.org/eslint-visitor-keys set size:69949 disposed:false
423 silly fetch manifest @types/json-schema@^7.0.15
424 silly packumentCache full:https://registry.npmjs.org/@types%2fjson-schema cache-miss
425 http cache https://registry.npmjs.org/debug 33ms (cache hit)
426 silly packumentCache full:https://registry.npmjs.org/debug set size:195840 disposed:false
427 silly fetch manifest espree@^10.0.1
428 silly packumentCache full:https://registry.npmjs.org/espree cache-miss
429 http cache https://registry.npmjs.org/espree 8ms (cache hit)
430 silly packumentCache full:https://registry.npmjs.org/espree set size:326080 disposed:false
431 silly fetch manifest globals@^14.0.0
432 silly packumentCache full:https://registry.npmjs.org/globals cache-miss
433 http fetch GET 200 https://registry.npmjs.org/@eslint%2fobject-schema 95ms (cache miss)
434 silly packumentCache full:https://registry.npmjs.org/@eslint%2fobject-schema set size:undefined disposed:false
435 silly fetch manifest js-yaml@^4.3.2
436 silly packumentCache full:https://registry.npmjs.org/js-yaml cache-miss
437 http fetch GET 200 https://registry.npmjs.org/globals 84ms (cache miss)
438 silly packumentCache full:https://registry.npmjs.org/globals set size:undefined disposed:false
439 silly fetch manifest import-fresh@^3.2.1
440 silly packumentCache full:https://registry.npmjs.org/import-fresh cache-miss
441 http fetch GET 200 https://registry.npmjs.org/js-yaml 88ms (cache miss)
442 silly packumentCache full:https://registry.npmjs.org/js-yaml set size:undefined disposed:false
443 silly fetch manifest strip-json-comments@^3.1.1
444 silly packumentCache full:https://registry.npmjs.org/strip-json-comments cache-miss
445 http fetch GET 200 https://registry.npmjs.org/import-fresh 61ms (cache miss)
446 silly packumentCache full:https://registry.npmjs.org/import-fresh set size:undefined disposed:false
447 silly fetch manifest levn@^0.4.1
448 silly packumentCache full:https://registry.npmjs.org/levn cache-miss
449 http fetch GET 200 https://registry.npmjs.org/levn 83ms (cache miss)
450 silly packumentCache full:https://registry.npmjs.org/levn set size:undefined disposed:false
451 silly fetch manifest @humanfs/core@^0.19.2
452 silly packumentCache full:https://registry.npmjs.org/@humanfs%2fcore cache-miss
453 http fetch GET 200 https://registry.npmjs.org/@types%2fjson-schema 256ms (cache miss)
454 silly packumentCache full:https://registry.npmjs.org/@types%2fjson-schema set size:undefined disposed:false
455 silly fetch manifest @humanfs/types@^0.15.0
456 silly packumentCache full:https://registry.npmjs.org/@humanfs%2ftypes cache-miss
457 http fetch GET 200 https://registry.npmjs.org/strip-json-comments 102ms (cache miss)
458 silly packumentCache full:https://registry.npmjs.org/strip-json-comments set size:undefined disposed:false
459 silly fetch manifest @humanwhocodes/retry@^0.4.0
460 silly packumentCache full:https://registry.npmjs.org/@humanwhocodes%2fretry cache-miss
461 http cache https://registry.npmjs.org/@humanwhocodes%2fretry 9ms (cache hit)
462 silly packumentCache full:https://registry.npmjs.org/@humanwhocodes%2fretry set size:42348 disposed:false
463 silly fetch manifest uri-js@^4.2.2
464 silly packumentCache full:https://registry.npmjs.org/uri-js cache-miss
465 http fetch GET 200 https://registry.npmjs.org/@humanfs%2fcore 72ms (cache miss)
466 silly packumentCache full:https://registry.npmjs.org/@humanfs%2fcore set size:undefined disposed:false
467 silly fetch manifest fast-deep-equal@^3.1.1
468 silly packumentCache full:https://registry.npmjs.org/fast-deep-equal cache-miss
469 http cache https://registry.npmjs.org/fast-deep-equal 11ms (cache hit)
470 silly packumentCache full:https://registry.npmjs.org/fast-deep-equal set size:48634 disposed:false
471 silly fetch manifest json-schema-traverse@^0.4.1
472 silly packumentCache full:https://registry.npmjs.org/json-schema-traverse cache-miss
473 http fetch GET 200 https://registry.npmjs.org/@humanfs%2ftypes 149ms (cache miss)
474 silly packumentCache full:https://registry.npmjs.org/@humanfs%2ftypes set size:undefined disposed:false
475 silly fetch manifest fast-json-stable-stringify@^2.0.0
476 silly packumentCache full:https://registry.npmjs.org/fast-json-stable-stringify cache-miss
477 http fetch GET 200 https://registry.npmjs.org/uri-js 138ms (cache miss)
478 silly packumentCache full:https://registry.npmjs.org/uri-js set size:undefined disposed:false
479 silly fetch manifest ansi-styles@^4.1.0
480 silly packumentCache full:https://registry.npmjs.org/ansi-styles cache-miss
481 http fetch GET 200 https://registry.npmjs.org/json-schema-traverse 74ms (cache miss)
482 silly packumentCache full:https://registry.npmjs.org/json-schema-traverse set size:undefined disposed:false
483 silly fetch manifest supports-color@^7.1.0
484 silly packumentCache full:https://registry.npmjs.org/supports-color cache-miss
485 http fetch GET 200 https://registry.npmjs.org/fast-json-stable-stringify 68ms (cache miss)
486 silly packumentCache full:https://registry.npmjs.org/fast-json-stable-stringify set size:undefined disposed:false
487 silly fetch manifest which@^2.0.1
488 silly packumentCache full:https://registry.npmjs.org/which cache-miss
489 http fetch GET 200 https://registry.npmjs.org/supports-color 110ms (cache miss)
490 silly packumentCache full:https://registry.npmjs.org/supports-color set size:undefined disposed:false
491 silly fetch manifest path-key@^3.1.0
492 silly packumentCache full:https://registry.npmjs.org/path-key cache-miss
493 http fetch GET 200 https://registry.npmjs.org/ansi-styles 118ms (cache miss)
494 silly packumentCache full:https://registry.npmjs.org/ansi-styles set size:undefined disposed:false
495 silly fetch manifest shebang-command@^2.0.0
496 silly packumentCache full:https://registry.npmjs.org/shebang-command cache-miss
497 http fetch GET 200 https://registry.npmjs.org/which 65ms (cache miss)
498 silly packumentCache full:https://registry.npmjs.org/which set size:undefined disposed:false
499 silly fetch manifest ms@^2.1.3
500 silly packumentCache full:https://registry.npmjs.org/ms cache-miss
501 http fetch GET 200 https://registry.npmjs.org/path-key 71ms (cache miss)
502 silly packumentCache full:https://registry.npmjs.org/path-key set size:undefined disposed:false
503 silly fetch manifest esrecurse@^4.3.0
504 silly packumentCache full:https://registry.npmjs.org/esrecurse cache-miss
505 http fetch GET 200 https://registry.npmjs.org/shebang-command 74ms (cache miss)
506 silly packumentCache full:https://registry.npmjs.org/shebang-command set size:undefined disposed:false
507 silly fetch manifest estraverse@^5.2.0
508 silly packumentCache full:https://registry.npmjs.org/estraverse cache-miss
509 http fetch GET 200 https://registry.npmjs.org/ms 69ms (cache miss)
510 silly packumentCache full:https://registry.npmjs.org/ms set size:undefined disposed:false
511 silly fetch manifest acorn@^8.15.0
512 silly packumentCache full:https://registry.npmjs.org/acorn cache-miss
513 http fetch GET 200 https://registry.npmjs.org/esrecurse 58ms (cache miss)
514 silly packumentCache full:https://registry.npmjs.org/esrecurse set size:undefined disposed:false
515 silly fetch manifest acorn-jsx@^5.3.2
516 silly packumentCache full:https://registry.npmjs.org/acorn-jsx cache-miss
517 http fetch GET 200 https://registry.npmjs.org/estraverse 82ms (cache miss)
518 silly packumentCache full:https://registry.npmjs.org/estraverse set size:undefined disposed:false
519 silly fetch manifest estraverse@^5.1.0
520 silly packumentCache full:https://registry.npmjs.org/estraverse cache-miss
521 http fetch GET 200 https://registry.npmjs.org/acorn 80ms (cache miss)
522 silly packumentCache full:https://registry.npmjs.org/acorn set size:undefined disposed:false
523 silly fetch manifest flat-cache@^4.0.0
524 silly packumentCache full:https://registry.npmjs.org/flat-cache cache-miss
525 http cache https://registry.npmjs.org/estraverse 18ms (cache hit)
526 silly packumentCache full:https://registry.npmjs.org/estraverse set size:62412 disposed:false
527 silly fetch manifest locate-path@^6.0.0
528 silly packumentCache full:https://registry.npmjs.org/locate-path cache-miss
529 http fetch GET 200 https://registry.npmjs.org/acorn-jsx 93ms (cache miss)
530 silly packumentCache full:https://registry.npmjs.org/acorn-jsx set size:undefined disposed:false
531 silly fetch manifest path-exists@^4.0.0
532 silly packumentCache full:https://registry.npmjs.org/path-exists cache-miss
533 http fetch GET 200 https://registry.npmjs.org/locate-path 71ms (cache miss)
534 silly packumentCache full:https://registry.npmjs.org/locate-path set size:undefined disposed:false
535 silly fetch manifest is-glob@^4.0.3
536 silly packumentCache full:https://registry.npmjs.org/is-glob cache-miss
537 http fetch GET 200 https://registry.npmjs.org/path-exists 69ms (cache miss)
538 silly packumentCache full:https://registry.npmjs.org/path-exists set size:undefined disposed:false
539 silly fetch manifest is-extglob@^2.1.1
540 silly packumentCache full:https://registry.npmjs.org/is-extglob cache-miss
541 http fetch GET 200 https://registry.npmjs.org/flat-cache 120ms (cache miss)
542 silly packumentCache full:https://registry.npmjs.org/flat-cache set size:undefined disposed:false
543 silly fetch manifest brace-expansion@^1.1.7
544 silly packumentCache full:https://registry.npmjs.org/brace-expansion cache-miss
545 http cache https://registry.npmjs.org/is-glob 50ms (cache hit)
546 silly packumentCache full:https://registry.npmjs.org/is-glob set size:40530 disposed:false
547 silly fetch manifest prelude-ls@^1.2.1
548 silly packumentCache full:https://registry.npmjs.org/prelude-ls cache-miss
549 http fetch GET 200 https://registry.npmjs.org/is-extglob 66ms (cache miss)
550 silly packumentCache full:https://registry.npmjs.org/is-extglob set size:undefined disposed:false
551 silly fetch manifest deep-is@^0.1.3
552 silly packumentCache full:https://registry.npmjs.org/deep-is cache-miss
553 http fetch GET 200 https://registry.npmjs.org/prelude-ls 64ms (cache miss)
554 silly packumentCache full:https://registry.npmjs.org/prelude-ls set size:undefined disposed:false
555 silly fetch manifest word-wrap@^1.2.5
556 silly packumentCache full:https://registry.npmjs.org/word-wrap cache-miss
557 http fetch GET 200 https://registry.npmjs.org/brace-expansion 81ms (cache miss)
558 silly packumentCache full:https://registry.npmjs.org/brace-expansion set size:undefined disposed:false
559 silly fetch manifest type-check@^0.4.0
560 silly packumentCache full:https://registry.npmjs.org/type-check cache-miss
561 http fetch GET 200 https://registry.npmjs.org/deep-is 63ms (cache miss)
562 silly packumentCache full:https://registry.npmjs.org/deep-is set size:undefined disposed:false
563 silly fetch manifest fast-levenshtein@^2.0.6
564 silly packumentCache full:https://registry.npmjs.org/fast-levenshtein cache-miss
565 http fetch GET 200 https://registry.npmjs.org/word-wrap 67ms (cache miss)
566 silly packumentCache full:https://registry.npmjs.org/word-wrap set size:undefined disposed:false
567 http fetch GET 200 https://registry.npmjs.org/type-check 72ms (cache miss)
568 silly packumentCache full:https://registry.npmjs.org/type-check set size:undefined disposed:false
569 http fetch GET 200 https://registry.npmjs.org/fast-levenshtein 63ms (cache miss)
570 silly packumentCache full:https://registry.npmjs.org/fast-levenshtein set size:undefined disposed:false
571 silly placeDep node_modules/@eslint-community/eslint-utils eslint-visitor-keys@3.4.3 OK for: @eslint-community/eslint-utils@4.10.1 want: ^3.4.3
572 silly placeDep ROOT @eslint/object-schema@2.1.7 OK for: @eslint/config-array@0.21.2 want: ^2.1.7
573 silly placeDep ROOT @types/json-schema@7.0.15 OK for: @eslint/core@0.17.0 want: ^7.0.15
574 silly placeDep ROOT globals@14.0.0 OK for: @eslint/eslintrc@3.3.7 want: ^14.0.0
575 silly placeDep ROOT import-fresh@3.3.1 OK for: @eslint/eslintrc@3.3.7 want: ^3.2.1
576 silly placeDep ROOT js-yaml@4.3.2 OK for: @eslint/eslintrc@3.3.7 want: ^4.3.2
577 silly placeDep ROOT strip-json-comments@3.1.1 OK for: @eslint/eslintrc@3.3.7 want: ^3.1.1
578 silly fetch manifest resolve-from@^4.0.0
579 silly packumentCache full:https://registry.npmjs.org/resolve-from cache-miss
580 silly fetch manifest parent-module@^1.0.0
581 silly packumentCache full:https://registry.npmjs.org/parent-module cache-miss
582 silly fetch manifest argparse@^2.0.1
583 silly packumentCache full:https://registry.npmjs.org/argparse cache-miss
584 http fetch GET 200 https://registry.npmjs.org/resolve-from 73ms (cache miss)
585 silly packumentCache full:https://registry.npmjs.org/resolve-from set size:undefined disposed:false
586 http fetch GET 200 https://registry.npmjs.org/argparse 75ms (cache miss)
587 silly packumentCache full:https://registry.npmjs.org/argparse set size:undefined disposed:false
588 http fetch GET 200 https://registry.npmjs.org/parent-module 82ms (cache miss)
589 silly packumentCache full:https://registry.npmjs.org/parent-module set size:undefined disposed:false
590 silly placeDep ROOT levn@0.4.1 OK for: @eslint/plugin-kit@0.4.1 want: ^0.4.1
591 silly fetch manifest type-check@~0.4.0
592 silly packumentCache full:https://registry.npmjs.org/type-check cache-miss
593 http cache https://registry.npmjs.org/type-check 11ms (cache hit)
594 silly packumentCache full:https://registry.npmjs.org/type-check set size:21221 disposed:false
595 silly placeDep ROOT @humanfs/core@0.19.2 OK for: @humanfs/node@0.16.8 want: ^0.19.2
596 silly placeDep ROOT @humanfs/types@0.15.0 OK for: @humanfs/node@0.16.8 want: ^0.15.0
597 silly placeDep ROOT fast-json-stable-stringify@2.1.0 OK for: ajv@6.15.0 want: ^2.0.0
598 silly placeDep ROOT json-schema-traverse@0.4.1 OK for: ajv@6.15.0 want: ^0.4.1
599 silly placeDep ROOT uri-js@4.4.1 OK for: ajv@6.15.0 want: ^4.2.2
600 silly fetch manifest punycode@^2.1.0
601 silly packumentCache full:https://registry.npmjs.org/punycode cache-miss
602 http fetch GET 200 https://registry.npmjs.org/punycode 74ms (cache miss)
603 silly packumentCache full:https://registry.npmjs.org/punycode set size:undefined disposed:false
604 silly placeDep ROOT ansi-styles@4.3.0 OK for: chalk@4.1.2 want: ^4.1.0
605 silly placeDep ROOT supports-color@7.2.0 OK for: chalk@4.1.2 want: ^7.1.0
606 silly fetch manifest color-convert@^2.0.1
607 silly packumentCache full:https://registry.npmjs.org/color-convert cache-miss
608 silly fetch manifest has-flag@^4.0.0
609 silly packumentCache full:https://registry.npmjs.org/has-flag cache-miss
610 http fetch GET 200 https://registry.npmjs.org/has-flag 81ms (cache miss)
611 silly packumentCache full:https://registry.npmjs.org/has-flag set size:undefined disposed:false
612 http fetch GET 200 https://registry.npmjs.org/color-convert 85ms (cache miss)
613 silly packumentCache full:https://registry.npmjs.org/color-convert set size:undefined disposed:false
614 silly placeDep ROOT color-convert@2.0.1 OK for: ansi-styles@4.3.0 want: ^2.0.1
615 silly fetch manifest color-name@~1.1.4
616 silly packumentCache full:https://registry.npmjs.org/color-name cache-miss
617 http fetch GET 200 https://registry.npmjs.org/color-name 62ms (cache miss)
618 silly packumentCache full:https://registry.npmjs.org/color-name set size:undefined disposed:false
619 silly placeDep ROOT color-name@1.1.4 OK for: color-convert@2.0.1 want: ~1.1.4
620 silly placeDep ROOT path-key@3.1.1 OK for: cross-spawn@7.0.6 want: ^3.1.0
621 silly placeDep ROOT shebang-command@2.0.0 OK for: cross-spawn@7.0.6 want: ^2.0.0
622 silly placeDep ROOT which@2.0.2 OK for: cross-spawn@7.0.6 want: ^2.0.1
623 silly fetch manifest shebang-regex@^3.0.0
624 silly packumentCache full:https://registry.npmjs.org/shebang-regex cache-miss
625 silly fetch manifest isexe@^2.0.0
626 silly packumentCache full:https://registry.npmjs.org/isexe cache-miss
627 http fetch GET 200 https://registry.npmjs.org/shebang-regex 70ms (cache miss)
628 silly packumentCache full:https://registry.npmjs.org/shebang-regex set size:undefined disposed:false
629 http fetch GET 200 https://registry.npmjs.org/isexe 75ms (cache miss)
630 silly packumentCache full:https://registry.npmjs.org/isexe set size:undefined disposed:false
631 silly placeDep ROOT ms@2.1.3 OK for: debug@4.4.3 want: ^2.1.3
632 silly fetch manifest eslint@^7.23.0 || ^8.0.0 || ^9.0.0
633 silly packumentCache full:https://registry.npmjs.org/eslint cache-miss
634 http cache https://registry.npmjs.org/eslint 13ms (cache hit)
635 silly packumentCache full:https://registry.npmjs.org/eslint set size:2085131 disposed:false
636 silly fetch manifest typescript@>=4.8.4 <6.1.0
637 silly packumentCache full:https://registry.npmjs.org/typescript cache-miss
638 http cache https://registry.npmjs.org/typescript 74ms (cache hit)
639 silly packumentCache full:https://registry.npmjs.org/typescript set size:15719078 disposed:false
640 silly fetch manifest eslint-plugin-import-x@*
641 silly packumentCache full:https://registry.npmjs.org/eslint-plugin-import-x cache-miss
642 http fetch GET 200 https://registry.npmjs.org/eslint-plugin-import-x 90ms (cache miss)
643 silly packumentCache full:https://registry.npmjs.org/eslint-plugin-import-x set size:undefined disposed:false
644 silly fetch manifest @typescript-eslint/utils@^8.56.0
645 silly packumentCache full:https://registry.npmjs.org/@typescript-eslint%2futils cache-miss
646 http fetch GET 200 https://registry.npmjs.org/@typescript-eslint%2futils 535ms (cache miss)
647 silly packumentCache full:https://registry.npmjs.org/@typescript-eslint%2futils set size:undefined disposed:false
648 silly placeDep ROOT @next/eslint-plugin-next@15.5.26 OK for: eslint-config-next@15.5.26 want: 15.5.26
649 silly placeDep ROOT @rushstack/eslint-patch@1.16.1 OK for: eslint-config-next@15.5.26 want: ^1.10.3
650 silly placeDep ROOT @typescript-eslint/eslint-plugin@8.70.1 OK for: eslint-config-next@15.5.26 want: ^5.4.2 || ^6.0.0 || ^7.0.0 || ^8.0.0
651 silly placeDep ROOT typescript@6.0.3 OK for: @typescript-eslint/eslint-plugin@8.70.1 want: >=4.8.4 <6.1.0
652 silly placeDep ROOT @typescript-eslint/parser@8.70.1 OK for: @typescript-eslint/eslint-plugin@8.70.1 want: ^8.70.1
653 silly placeDep ROOT eslint-import-resolver-node@0.3.10 OK for: eslint-config-next@15.5.26 want: ^0.3.6
654 silly placeDep ROOT eslint-import-resolver-typescript@3.10.1 OK for: eslint-config-next@15.5.26 want: ^3.5.2
655 silly placeDep ROOT eslint-plugin-import@2.32.0 OK for: eslint-config-next@15.5.26 want: ^2.31.0
656 silly placeDep ROOT eslint-plugin-jsx-a11y@6.10.2 OK for: eslint-config-next@15.5.26 want: ^6.10.0
657 silly placeDep ROOT eslint-plugin-react@7.37.5 OK for: eslint-config-next@15.5.26 want: ^7.37.0
658 silly placeDep ROOT eslint-plugin-react-hooks@5.2.0 OK for: eslint-config-next@15.5.26 want: ^5.0.0
659 silly fetch manifest fast-glob@3.3.1
660 silly packumentCache full:https://registry.npmjs.org/fast-glob cache-miss
661 silly fetch manifest ignore@^7.0.5
662 silly packumentCache full:https://registry.npmjs.org/ignore cache-miss
663 silly fetch manifest ts-api-utils@^2.5.0
664 silly packumentCache full:https://registry.npmjs.org/ts-api-utils cache-miss
665 http cache https://registry.npmjs.org/ignore 28ms (cache hit)
666 silly packumentCache full:https://registry.npmjs.org/ignore set size:259019 disposed:false
667 silly fetch manifest @typescript-eslint/utils@8.70.1
668 silly packumentCache full:https://registry.npmjs.org/@typescript-eslint%2futils cache-miss
669 http cache https://registry.npmjs.org/@typescript-eslint%2futils 33ms (cache hit)
670 silly packumentCache full:https://registry.npmjs.org/@typescript-eslint%2futils set size:10974515 disposed:false
671 silly fetch manifest @typescript-eslint/type-utils@8.70.1
672 silly packumentCache full:https://registry.npmjs.org/@typescript-eslint%2ftype-utils cache-miss
673 http fetch GET 200 https://registry.npmjs.org/fast-glob 164ms (cache miss)
674 silly packumentCache full:https://registry.npmjs.org/fast-glob set size:undefined disposed:false
675 silly fetch manifest @typescript-eslint/visitor-keys@8.70.1
676 silly packumentCache full:https://registry.npmjs.org/@typescript-eslint%2fvisitor-keys cache-miss
677 http fetch GET 200 https://registry.npmjs.org/ts-api-utils 169ms (cache miss)
678 silly packumentCache full:https://registry.npmjs.org/ts-api-utils set size:undefined disposed:false
679 silly fetch manifest @typescript-eslint/scope-manager@8.70.1
680 silly packumentCache full:https://registry.npmjs.org/@typescript-eslint%2fscope-manager cache-miss
681 http fetch GET 200 https://registry.npmjs.org/@typescript-eslint%2ftype-utils 532ms (cache miss)
682 silly packumentCache full:https://registry.npmjs.org/@typescript-eslint%2ftype-utils set size:undefined disposed:false
683 silly fetch manifest @typescript-eslint/types@8.70.1
684 silly packumentCache full:https://registry.npmjs.org/@typescript-eslint%2ftypes cache-miss
685 http fetch GET 200 https://registry.npmjs.org/@typescript-eslint%2fscope-manager 1471ms (cache miss)
686 silly packumentCache full:https://registry.npmjs.org/@typescript-eslint%2fscope-manager set size:undefined disposed:false
687 silly fetch manifest @typescript-eslint/visitor-keys@8.70.1
688 silly packumentCache full:https://registry.npmjs.org/@typescript-eslint%2fvisitor-keys cache-miss
689 http fetch GET 200 https://registry.npmjs.org/@typescript-eslint%2ftypes 1049ms (cache miss)
690 silly packumentCache full:https://registry.npmjs.org/@typescript-eslint%2ftypes set size:undefined disposed:false
691 silly fetch manifest @typescript-eslint/typescript-estree@8.70.1
692 silly packumentCache full:https://registry.npmjs.org/@typescript-eslint%2ftypescript-estree cache-miss
693 http fetch GET 200 https://registry.npmjs.org/@typescript-eslint%2fvisitor-keys 1953ms (cache miss)
694 silly packumentCache full:https://registry.npmjs.org/@typescript-eslint%2fvisitor-keys set size:undefined disposed:false
695 silly fetch manifest debug@^3.2.7
696 silly packumentCache full:https://registry.npmjs.org/debug cache-hit
697 silly fetch manifest resolve@^2.0.0-next.6
698 silly packumentCache full:https://registry.npmjs.org/resolve cache-miss
699 http fetch GET 200 https://registry.npmjs.org/resolve 201ms (cache miss)
700 silly packumentCache full:https://registry.npmjs.org/resolve set size:undefined disposed:false
701 silly fetch manifest is-core-module@^2.16.1
702 silly packumentCache full:https://registry.npmjs.org/is-core-module cache-miss
703 http fetch GET 200 https://registry.npmjs.org/@typescript-eslint%2fvisitor-keys 851ms (cache miss)
704 silly packumentCache full:https://registry.npmjs.org/@typescript-eslint%2fvisitor-keys set size:undefined disposed:false
705 silly fetch manifest tinyglobby@^0.2.13
706 silly packumentCache full:https://registry.npmjs.org/tinyglobby cache-miss
707 http fetch GET 200 https://registry.npmjs.org/is-core-module 163ms (cache miss)
708 silly packumentCache full:https://registry.npmjs.org/is-core-module set size:undefined disposed:false
709 silly fetch manifest stable-hash@^0.0.5
710 silly packumentCache full:https://registry.npmjs.org/stable-hash cache-miss
711 http fetch GET 200 https://registry.npmjs.org/tinyglobby 91ms (cache miss)
712 silly packumentCache full:https://registry.npmjs.org/tinyglobby set size:undefined disposed:false
713 silly fetch manifest get-tsconfig@^4.10.0
714 silly packumentCache full:https://registry.npmjs.org/get-tsconfig cache-miss
715 http fetch GET 200 https://registry.npmjs.org/stable-hash 66ms (cache miss)
716 silly packumentCache full:https://registry.npmjs.org/stable-hash set size:undefined disposed:false
717 silly fetch manifest is-bun-module@^2.0.0
718 silly packumentCache full:https://registry.npmjs.org/is-bun-module cache-miss
719 http fetch GET 200 https://registry.npmjs.org/get-tsconfig 84ms (cache miss)
720 silly packumentCache full:https://registry.npmjs.org/get-tsconfig set size:undefined disposed:false
721 silly fetch manifest unrs-resolver@^1.6.2
722 silly packumentCache full:https://registry.npmjs.org/unrs-resolver cache-miss
723 http fetch GET 200 https://registry.npmjs.org/is-bun-module 328ms (cache miss)
724 silly packumentCache full:https://registry.npmjs.org/is-bun-module set size:undefined disposed:false
725 silly fetch manifest @nolyfill/is-core-module@1.0.39
726 silly packumentCache full:https://registry.npmjs.org/@nolyfill%2fis-core-module cache-miss
727 http fetch GET 200 https://registry.npmjs.org/unrs-resolver 259ms (cache miss)
728 silly packumentCache full:https://registry.npmjs.org/unrs-resolver set size:undefined disposed:false
729 silly fetch manifest @rtsao/scc@^1.1.0
730 silly packumentCache full:https://registry.npmjs.org/@rtsao%2fscc cache-miss
731 http fetch GET 200 https://registry.npmjs.org/@typescript-eslint%2ftypescript-estree 1271ms (cache miss)
732 silly packumentCache full:https://registry.npmjs.org/@typescript-eslint%2ftypescript-estree set size:undefined disposed:false
733 silly fetch manifest array-includes@^3.1.9
734 silly packumentCache full:https://registry.npmjs.org/array-includes cache-miss
735 http fetch GET 200 https://registry.npmjs.org/@nolyfill%2fis-core-module 186ms (cache miss)
736 silly packumentCache full:https://registry.npmjs.org/@nolyfill%2fis-core-module set size:undefined disposed:false
737 silly fetch manifest array.prototype.findlastindex@^1.2.6
738 silly packumentCache full:https://registry.npmjs.org/array.prototype.findlastindex cache-miss
739 http fetch GET 200 https://registry.npmjs.org/@rtsao%2fscc 174ms (cache miss)
740 silly packumentCache full:https://registry.npmjs.org/@rtsao%2fscc set size:undefined disposed:false
741 silly fetch manifest array.prototype.flat@^1.3.3
742 silly packumentCache full:https://registry.npmjs.org/array.prototype.flat cache-miss
743 http fetch GET 200 https://registry.npmjs.org/array-includes 73ms (cache miss)
744 silly packumentCache full:https://registry.npmjs.org/array-includes set size:undefined disposed:false
745 silly fetch manifest array.prototype.flatmap@^1.3.3
746 silly packumentCache full:https://registry.npmjs.org/array.prototype.flatmap cache-miss
747 http fetch GET 200 https://registry.npmjs.org/array.prototype.flat 61ms (cache miss)
748 silly packumentCache full:https://registry.npmjs.org/array.prototype.flat set size:undefined disposed:false
749 silly fetch manifest doctrine@^2.1.0
750 silly packumentCache full:https://registry.npmjs.org/doctrine cache-miss
751 http fetch GET 200 https://registry.npmjs.org/array.prototype.findlastindex 75ms (cache miss)
752 silly packumentCache full:https://registry.npmjs.org/array.prototype.findlastindex set size:undefined disposed:false
753 silly fetch manifest eslint-module-utils@^2.12.1
754 silly packumentCache full:https://registry.npmjs.org/eslint-module-utils cache-miss
755 http fetch GET 200 https://registry.npmjs.org/array.prototype.flatmap 62ms (cache miss)
756 silly packumentCache full:https://registry.npmjs.org/array.prototype.flatmap set size:undefined disposed:false
757 silly fetch manifest hasown@^2.0.2
758 silly packumentCache full:https://registry.npmjs.org/hasown cache-miss
759 http fetch GET 200 https://registry.npmjs.org/doctrine 69ms (cache miss)
760 silly packumentCache full:https://registry.npmjs.org/doctrine set size:undefined disposed:false
761 silly fetch manifest object.fromentries@^2.0.8
762 silly packumentCache full:https://registry.npmjs.org/object.fromentries cache-miss
763 http fetch GET 200 https://registry.npmjs.org/eslint-module-utils 79ms (cache miss)
764 silly packumentCache full:https://registry.npmjs.org/eslint-module-utils set size:undefined disposed:false
765 silly fetch manifest object.groupby@^1.0.3
766 silly packumentCache full:https://registry.npmjs.org/object.groupby cache-miss
767 http fetch GET 200 https://registry.npmjs.org/hasown 93ms (cache miss)
768 silly packumentCache full:https://registry.npmjs.org/hasown set size:undefined disposed:false
769 silly fetch manifest object.values@^1.2.1
770 silly packumentCache full:https://registry.npmjs.org/object.values cache-miss
771 http fetch GET 200 https://registry.npmjs.org/object.fromentries 68ms (cache miss)
772 silly packumentCache full:https://registry.npmjs.org/object.fromentries set size:undefined disposed:false
773 silly fetch manifest semver@^6.3.1
774 silly packumentCache full:https://registry.npmjs.org/semver cache-miss
775 http fetch GET 200 https://registry.npmjs.org/object.groupby 66ms (cache miss)
776 silly packumentCache full:https://registry.npmjs.org/object.groupby set size:undefined disposed:false
777 silly fetch manifest string.prototype.trimend@^1.0.9
778 silly packumentCache full:https://registry.npmjs.org/string.prototype.trimend cache-miss
779 http fetch GET 200 https://registry.npmjs.org/string.prototype.trimend 80ms (cache miss)
780 silly packumentCache full:https://registry.npmjs.org/string.prototype.trimend set size:undefined disposed:false
781 silly fetch manifest tsconfig-paths@^3.15.0
782 silly packumentCache full:https://registry.npmjs.org/tsconfig-paths cache-miss
783 http fetch GET 200 https://registry.npmjs.org/tsconfig-paths 89ms (cache miss)
784 silly packumentCache full:https://registry.npmjs.org/tsconfig-paths set size:undefined disposed:false
785 silly fetch manifest aria-query@^5.3.2
786 silly packumentCache full:https://registry.npmjs.org/aria-query cache-miss
787 http fetch GET 200 https://registry.npmjs.org/semver 288ms (cache miss)
788 silly packumentCache full:https://registry.npmjs.org/semver set size:undefined disposed:false
789 silly fetch manifest array-includes@^3.1.8
790 silly packumentCache full:https://registry.npmjs.org/array-includes cache-miss
791 http fetch GET 200 https://registry.npmjs.org/object.values 297ms (cache miss)
792 silly packumentCache full:https://registry.npmjs.org/object.values set size:undefined disposed:false
793 silly fetch manifest array.prototype.flatmap@^1.3.2
794 silly packumentCache full:https://registry.npmjs.org/array.prototype.flatmap cache-miss
795 http fetch GET 200 https://registry.npmjs.org/aria-query 108ms (cache miss)
796 silly packumentCache full:https://registry.npmjs.org/aria-query set size:undefined disposed:false
797 silly fetch manifest ast-types-flow@^0.0.8
798 silly packumentCache full:https://registry.npmjs.org/ast-types-flow cache-miss
799 http cache https://registry.npmjs.org/array-includes 14ms (cache hit)
800 silly packumentCache full:https://registry.npmjs.org/array-includes set size:80888 disposed:false
801 silly fetch manifest axe-core@^4.10.0
802 silly packumentCache full:https://registry.npmjs.org/axe-core cache-miss
803 http cache https://registry.npmjs.org/array.prototype.flatmap 15ms (cache hit)
804 silly packumentCache full:https://registry.npmjs.org/array.prototype.flatmap set size:51458 disposed:false
805 silly fetch manifest axobject-query@^4.1.0
806 silly packumentCache full:https://registry.npmjs.org/axobject-query cache-miss
807 http fetch GET 200 https://registry.npmjs.org/ast-types-flow 134ms (cache miss)
808 silly packumentCache full:https://registry.npmjs.org/ast-types-flow set size:undefined disposed:false
809 silly fetch manifest damerau-levenshtein@^1.0.8
810 silly packumentCache full:https://registry.npmjs.org/damerau-levenshtein cache-miss
811 http fetch GET 200 https://registry.npmjs.org/axobject-query 130ms (cache miss)
812 silly packumentCache full:https://registry.npmjs.org/axobject-query set size:undefined disposed:false
813 silly fetch manifest emoji-regex@^9.2.2
814 silly packumentCache full:https://registry.npmjs.org/emoji-regex cache-miss
815 http fetch GET 200 https://registry.npmjs.org/emoji-regex 130ms (cache miss)
816 silly packumentCache full:https://registry.npmjs.org/emoji-regex set size:undefined disposed:false
817 silly fetch manifest jsx-ast-utils@^3.3.5
818 silly packumentCache full:https://registry.npmjs.org/jsx-ast-utils cache-miss
819 http fetch GET 200 https://registry.npmjs.org/damerau-levenshtein 145ms (cache miss)
820 silly packumentCache full:https://registry.npmjs.org/damerau-levenshtein set size:undefined disposed:false
821 silly fetch manifest language-tags@^1.0.9
822 silly packumentCache full:https://registry.npmjs.org/language-tags cache-miss
823 http fetch GET 200 https://registry.npmjs.org/axe-core 333ms (cache miss)
824 silly packumentCache full:https://registry.npmjs.org/axe-core set size:undefined disposed:false
825 silly fetch manifest safe-regex-test@^1.0.3
826 silly packumentCache full:https://registry.npmjs.org/safe-regex-test cache-miss
827 http fetch GET 200 https://registry.npmjs.org/jsx-ast-utils 8012ms (cache miss)
828 silly packumentCache full:https://registry.npmjs.org/jsx-ast-utils set size:undefined disposed:false
829 silly fetch manifest string.prototype.includes@^2.0.1
830 silly packumentCache full:https://registry.npmjs.org/string.prototype.includes cache-miss
831 http fetch GET 200 https://registry.npmjs.org/language-tags 8023ms (cache miss)
832 silly packumentCache full:https://registry.npmjs.org/language-tags set size:undefined disposed:false
833 silly fetch manifest array.prototype.findlast@^1.2.5
834 silly packumentCache full:https://registry.npmjs.org/array.prototype.findlast cache-miss
835 http fetch GET 200 https://registry.npmjs.org/safe-regex-test 7907ms (cache miss)
836 silly packumentCache full:https://registry.npmjs.org/safe-regex-test set size:undefined disposed:false
837 silly fetch manifest array.prototype.tosorted@^1.1.4
838 silly packumentCache full:https://registry.npmjs.org/array.prototype.tosorted cache-miss
839 http fetch GET 200 https://registry.npmjs.org/string.prototype.includes 221ms (cache miss)
840 silly packumentCache full:https://registry.npmjs.org/string.prototype.includes set size:undefined disposed:false
841 silly fetch manifest es-iterator-helpers@^1.2.1
842 silly packumentCache full:https://registry.npmjs.org/es-iterator-helpers cache-miss
843 http fetch GET 200 https://registry.npmjs.org/array.prototype.findlast 210ms (cache miss)
844 silly packumentCache full:https://registry.npmjs.org/array.prototype.findlast set size:undefined disposed:false
845 silly fetch manifest estraverse@^5.3.0
846 silly packumentCache full:https://registry.npmjs.org/estraverse cache-hit
847 silly fetch manifest jsx-ast-utils@^2.4.1 || ^3.0.0
848 silly packumentCache full:https://registry.npmjs.org/jsx-ast-utils cache-miss
849 http fetch GET 200 https://registry.npmjs.org/array.prototype.tosorted 260ms (cache miss)
850 silly packumentCache full:https://registry.npmjs.org/array.prototype.tosorted set size:undefined disposed:false
851 silly fetch manifest object.entries@^1.1.9
852 silly packumentCache full:https://registry.npmjs.org/object.entries cache-miss
853 http cache https://registry.npmjs.org/jsx-ast-utils 209ms (cache hit)
854 silly packumentCache full:https://registry.npmjs.org/jsx-ast-utils set size:115998 disposed:false
855 silly fetch manifest prop-types@^15.8.1
856 silly packumentCache full:https://registry.npmjs.org/prop-types cache-miss
857 http fetch GET 200 https://registry.npmjs.org/object.entries 168ms (cache miss)
858 silly packumentCache full:https://registry.npmjs.org/object.entries set size:undefined disposed:false
859 silly fetch manifest resolve@^2.0.0-next.5
860 silly packumentCache full:https://registry.npmjs.org/resolve cache-miss
861 http fetch GET 200 https://registry.npmjs.org/es-iterator-helpers 240ms (cache miss)
862 silly packumentCache full:https://registry.npmjs.org/es-iterator-helpers set size:undefined disposed:false
863 silly fetch manifest string.prototype.matchall@^4.0.12
864 silly packumentCache full:https://registry.npmjs.org/string.prototype.matchall cache-miss
865 http cache https://registry.npmjs.org/resolve 22ms (cache hit)
866 silly packumentCache full:https://registry.npmjs.org/resolve set size:244568 disposed:false
867 silly fetch manifest string.prototype.repeat@^1.0.0
868 silly packumentCache full:https://registry.npmjs.org/string.prototype.repeat cache-miss
869 http fetch GET 200 https://registry.npmjs.org/string.prototype.matchall 81ms (cache miss)
870 silly packumentCache full:https://registry.npmjs.org/string.prototype.matchall set size:undefined disposed:false
871 http fetch GET 200 https://registry.npmjs.org/string.prototype.repeat 66ms (cache miss)
872 silly packumentCache full:https://registry.npmjs.org/string.prototype.repeat set size:undefined disposed:false
873 http fetch GET 200 https://registry.npmjs.org/prop-types 118ms (cache miss)
874 silly packumentCache full:https://registry.npmjs.org/prop-types set size:undefined disposed:false
875 silly placeDep ROOT fast-glob@3.3.1 OK for: @next/eslint-plugin-next@15.5.26 want: 3.3.1
876 silly fetch manifest merge2@^1.3.0
877 silly packumentCache full:https://registry.npmjs.org/merge2 cache-miss
878 silly fetch manifest micromatch@^4.0.4
879 silly packumentCache full:https://registry.npmjs.org/micromatch cache-miss
880 silly fetch manifest glob-parent@^5.1.2
881 silly packumentCache full:https://registry.npmjs.org/glob-parent cache-miss
882 http cache https://registry.npmjs.org/glob-parent 7ms (cache hit)
883 silly packumentCache full:https://registry.npmjs.org/glob-parent set size:42445 disposed:false
884 silly fetch manifest @nodelib/fs.stat@^2.0.2
885 silly packumentCache full:https://registry.npmjs.org/@nodelib%2ffs.stat cache-miss
886 http fetch GET 200 https://registry.npmjs.org/@nodelib%2ffs.stat 148ms (cache miss)
887 silly packumentCache full:https://registry.npmjs.org/@nodelib%2ffs.stat set size:undefined disposed:false
888 silly fetch manifest @nodelib/fs.walk@^1.2.3
889 silly packumentCache full:https://registry.npmjs.org/@nodelib%2ffs.walk cache-miss
890 http fetch GET 200 https://registry.npmjs.org/micromatch 167ms (cache miss)
891 silly packumentCache full:https://registry.npmjs.org/micromatch set size:undefined disposed:false
892 http fetch GET 200 https://registry.npmjs.org/merge2 179ms (cache miss)
893 silly packumentCache full:https://registry.npmjs.org/merge2 set size:undefined disposed:false
894 http fetch GET 200 https://registry.npmjs.org/@nodelib%2ffs.walk 229ms (cache miss)
895 silly packumentCache full:https://registry.npmjs.org/@nodelib%2ffs.walk set size:undefined disposed:false
896 silly fetch manifest eslint@^8.57.0 || ^9.0.0 || ^10.0.0
897 silly packumentCache full:https://registry.npmjs.org/eslint cache-miss
898 http cache https://registry.npmjs.org/eslint 13ms (cache hit)
899 silly packumentCache full:https://registry.npmjs.org/eslint set size:2085131 disposed:false
900 silly placeDep ROOT @typescript-eslint/scope-manager@8.70.1 OK for: @typescript-eslint/eslint-plugin@8.70.1 want: 8.70.1
901 silly placeDep ROOT @typescript-eslint/type-utils@8.70.1 OK for: @typescript-eslint/eslint-plugin@8.70.1 want: 8.70.1
902 silly placeDep ROOT @typescript-eslint/utils@8.70.1 OK for: @typescript-eslint/eslint-plugin@8.70.1 want: 8.70.1
903 silly placeDep ROOT @typescript-eslint/visitor-keys@8.70.1 OK for: @typescript-eslint/eslint-plugin@8.70.1 want: 8.70.1
904 silly placeDep node_modules/@typescript-eslint/eslint-plugin ignore@7.0.10 OK for: @typescript-eslint/eslint-plugin@8.70.1 want: ^7.0.5
905 silly placeDep ROOT ts-api-utils@2.5.0 OK for: @typescript-eslint/eslint-plugin@8.70.1 want: ^2.5.0
906 silly fetch manifest eslint-visitor-keys@^5.0.0
907 silly packumentCache full:https://registry.npmjs.org/eslint-visitor-keys cache-hit
908 silly placeDep ROOT @typescript-eslint/types@8.70.1 OK for: @typescript-eslint/parser@8.70.1 want: 8.70.1
909 silly placeDep ROOT @typescript-eslint/typescript-estree@8.70.1 OK for: @typescript-eslint/parser@8.70.1 want: 8.70.1
910 silly fetch manifest semver@^7.7.3
911 silly packumentCache full:https://registry.npmjs.org/semver cache-miss
912 silly fetch manifest minimatch@^10.2.2
913 silly packumentCache full:https://registry.npmjs.org/minimatch cache-miss
914 silly fetch manifest tinyglobby@^0.2.15
915 silly packumentCache full:https://registry.npmjs.org/tinyglobby cache-miss
916 http cache https://registry.npmjs.org/semver 15ms (cache hit)
917 silly packumentCache full:https://registry.npmjs.org/semver set size:246128 disposed:false
918 silly fetch manifest @typescript-eslint/tsconfig-utils@8.70.1
919 silly packumentCache full:https://registry.npmjs.org/@typescript-eslint%2ftsconfig-utils cache-miss
920 http cache https://registry.npmjs.org/tinyglobby 21ms (cache hit)
921 silly packumentCache full:https://registry.npmjs.org/tinyglobby set size:54291 disposed:false
922 silly fetch manifest @typescript-eslint/project-service@8.70.1
923 silly packumentCache full:https://registry.npmjs.org/@typescript-eslint%2fproject-service cache-miss
924 http cache https://registry.npmjs.org/minimatch 25ms (cache hit)
925 silly packumentCache full:https://registry.npmjs.org/minimatch set size:377924 disposed:false
926 http fetch GET 200 https://registry.npmjs.org/@typescript-eslint%2fproject-service 124ms (cache miss)
927 silly packumentCache full:https://registry.npmjs.org/@typescript-eslint%2fproject-service set size:undefined disposed:false
928 http fetch GET 200 https://registry.npmjs.org/@typescript-eslint%2ftsconfig-utils 183ms (cache miss)
929 silly packumentCache full:https://registry.npmjs.org/@typescript-eslint%2ftsconfig-utils set size:undefined disposed:false
930 silly placeDep ROOT @typescript-eslint/project-service@8.70.1 OK for: @typescript-eslint/typescript-estree@8.70.1 want: 8.70.1
931 silly placeDep ROOT @typescript-eslint/tsconfig-utils@8.70.1 OK for: @typescript-eslint/typescript-estree@8.70.1 want: 8.70.1
932 silly placeDep node_modules/@typescript-eslint/typescript-estree minimatch@10.2.6 OK for: @typescript-eslint/typescript-estree@8.70.1 want: ^10.2.2
933 silly placeDep ROOT semver@7.8.5 OK for: @typescript-eslint/typescript-estree@8.70.1 want: ^7.7.3
934 silly placeDep ROOT tinyglobby@0.2.17 OK for: @typescript-eslint/typescript-estree@8.70.1 want: ^0.2.15
935 silly fetch manifest @typescript-eslint/tsconfig-utils@^8.70.1
936 silly packumentCache full:https://registry.npmjs.org/@typescript-eslint%2ftsconfig-utils cache-miss
937 silly fetch manifest brace-expansion@^5.0.8
938 silly packumentCache full:https://registry.npmjs.org/brace-expansion cache-miss
939 silly fetch manifest fdir@^6.5.0
940 silly packumentCache full:https://registry.npmjs.org/fdir cache-miss
941 http cache https://registry.npmjs.org/brace-expansion 11ms (cache hit)
942 silly packumentCache full:https://registry.npmjs.org/brace-expansion set size:128514 disposed:false
943 silly fetch manifest picomatch@^4.0.4
944 silly packumentCache full:https://registry.npmjs.org/picomatch cache-miss
945 http cache https://registry.npmjs.org/@typescript-eslint%2ftsconfig-utils 18ms (cache hit)
946 silly packumentCache full:https://registry.npmjs.org/@typescript-eslint%2ftsconfig-utils set size:1933307 disposed:false
947 http fetch GET 200 https://registry.npmjs.org/fdir 83ms (cache miss)
948 silly packumentCache full:https://registry.npmjs.org/fdir set size:undefined disposed:false
949 http fetch GET 200 https://registry.npmjs.org/picomatch 91ms (cache miss)
950 silly packumentCache full:https://registry.npmjs.org/picomatch set size:undefined disposed:false
951 silly placeDep node_modules/@typescript-eslint/visitor-keys eslint-visitor-keys@5.0.1 OK for: @typescript-eslint/visitor-keys@8.70.1 want: ^5.0.0
952 silly placeDep node_modules/eslint-import-resolver-node debug@3.2.7 OK for: eslint-import-resolver-node@0.3.10 want: ^3.2.7
953 silly placeDep ROOT is-core-module@2.17.0 OK for: eslint-import-resolver-node@0.3.10 want: ^2.16.1
954 silly placeDep ROOT resolve@2.0.0-next.7 OK for: eslint-import-resolver-node@0.3.10 want: ^2.0.0-next.6
955 silly fetch manifest hasown@^2.0.4
956 silly packumentCache full:https://registry.npmjs.org/hasown cache-miss
957 silly fetch manifest es-errors@^1.3.0
958 silly packumentCache full:https://registry.npmjs.org/es-errors cache-miss
959 silly fetch manifest node-exports-info@^1.6.0
960 silly packumentCache full:https://registry.npmjs.org/node-exports-info cache-miss
961 http cache https://registry.npmjs.org/hasown 9ms (cache hit)
962 silly packumentCache full:https://registry.npmjs.org/hasown set size:18361 disposed:false
963 silly fetch manifest object-keys@^1.1.1
964 silly packumentCache full:https://registry.npmjs.org/object-keys cache-miss
965 http fetch GET 200 https://registry.npmjs.org/es-errors 58ms (cache miss)
966 silly packumentCache full:https://registry.npmjs.org/es-errors set size:undefined disposed:false
967 silly fetch manifest path-parse@^1.0.7
968 silly packumentCache full:https://registry.npmjs.org/path-parse cache-miss
969 http fetch GET 200 https://registry.npmjs.org/object-keys 64ms (cache miss)
970 silly packumentCache full:https://registry.npmjs.org/object-keys set size:undefined disposed:false
971 silly fetch manifest supports-preserve-symlinks-flag@^1.0.0
972 silly packumentCache full:https://registry.npmjs.org/supports-preserve-symlinks-flag cache-miss
973 http fetch GET 200 https://registry.npmjs.org/node-exports-info 81ms (cache miss)
974 silly packumentCache full:https://registry.npmjs.org/node-exports-info set size:undefined disposed:false
975 http fetch GET 200 https://registry.npmjs.org/path-parse 57ms (cache miss)
976 silly packumentCache full:https://registry.npmjs.org/path-parse set size:undefined disposed:false
977 http fetch GET 200 https://registry.npmjs.org/supports-preserve-symlinks-flag 67ms (cache miss)
978 silly packumentCache full:https://registry.npmjs.org/supports-preserve-symlinks-flag set size:undefined disposed:false
979 silly placeDep ROOT @nolyfill/is-core-module@1.0.39 OK for: eslint-import-resolver-typescript@3.10.1 want: 1.0.39
980 silly placeDep ROOT get-tsconfig@4.14.3 OK for: eslint-import-resolver-typescript@3.10.1 want: ^4.10.0
981 silly placeDep ROOT is-bun-module@2.0.0 OK for: eslint-import-resolver-typescript@3.10.1 want: ^2.0.0
982 silly placeDep ROOT stable-hash@0.0.5 OK for: eslint-import-resolver-typescript@3.10.1 want: ^0.0.5
983 silly placeDep ROOT unrs-resolver@1.12.2 OK for: eslint-import-resolver-typescript@3.10.1 want: ^1.6.2
984 silly fetch manifest resolve-pkg-maps@^1.0.0
985 silly packumentCache full:https://registry.npmjs.org/resolve-pkg-maps cache-miss
986 silly fetch manifest napi-postinstall@^0.3.4
987 silly packumentCache full:https://registry.npmjs.org/napi-postinstall cache-miss
988 silly fetch manifest @unrs/resolver-binding-darwin-arm64@1.12.2
989 silly packumentCache full:https://registry.npmjs.org/@unrs%2fresolver-binding-darwin-arm64 cache-miss
990 http fetch GET 200 https://registry.npmjs.org/resolve-pkg-maps 312ms (cache miss)
991 silly packumentCache full:https://registry.npmjs.org/resolve-pkg-maps set size:undefined disposed:false
992 silly fetch manifest @unrs/resolver-binding-android-arm64@1.12.2
993 silly packumentCache full:https://registry.npmjs.org/@unrs%2fresolver-binding-android-arm64 cache-miss
994 http fetch GET 200 https://registry.npmjs.org/napi-postinstall 314ms (cache miss)
995 silly packumentCache full:https://registry.npmjs.org/napi-postinstall set size:undefined disposed:false
996 silly fetch manifest @unrs/resolver-binding-win32-arm64-msvc@1.12.2
997 silly packumentCache full:https://registry.npmjs.org/@unrs%2fresolver-binding-win32-arm64-msvc cache-miss
998 http fetch GET 200 https://registry.npmjs.org/@unrs%2fresolver-binding-darwin-arm64 318ms (cache miss)
999 silly packumentCache full:https://registry.npmjs.org/@unrs%2fresolver-binding-darwin-arm64 set size:undefined disposed:false
1000 silly fetch manifest @unrs/resolver-binding-linux-arm64-gnu@1.12.2
1001 silly packumentCache full:https://registry.npmjs.org/@unrs%2fresolver-binding-linux-arm64-gnu cache-miss
1002 http fetch GET 200 https://registry.npmjs.org/@unrs%2fresolver-binding-android-arm64 68ms (cache miss)
1003 silly packumentCache full:https://registry.npmjs.org/@unrs%2fresolver-binding-android-arm64 set size:undefined disposed:false
1004 silly fetch manifest @unrs/resolver-binding-linux-arm64-musl@1.12.2
1005 silly packumentCache full:https://registry.npmjs.org/@unrs%2fresolver-binding-linux-arm64-musl cache-miss
1006 http fetch GET 200 https://registry.npmjs.org/@unrs%2fresolver-binding-win32-arm64-msvc 80ms (cache miss)
1007 silly packumentCache full:https://registry.npmjs.org/@unrs%2fresolver-binding-win32-arm64-msvc set size:undefined disposed:false
1008 silly fetch manifest @unrs/resolver-binding-openharmony-arm64@1.12.2
1009 silly packumentCache full:https://registry.npmjs.org/@unrs%2fresolver-binding-openharmony-arm64 cache-miss
1010 http fetch GET 200 https://registry.npmjs.org/@unrs%2fresolver-binding-linux-arm64-gnu 83ms (cache miss)
1011 silly packumentCache full:https://registry.npmjs.org/@unrs%2fresolver-binding-linux-arm64-gnu set size:undefined disposed:false
1012 silly fetch manifest @unrs/resolver-binding-android-arm-eabi@1.12.2
1013 silly packumentCache full:https://registry.npmjs.org/@unrs%2fresolver-binding-android-arm-eabi cache-miss
1014 http fetch GET 200 https://registry.npmjs.org/@unrs%2fresolver-binding-linux-arm64-musl 79ms (cache miss)
1015 silly packumentCache full:https://registry.npmjs.org/@unrs%2fresolver-binding-linux-arm64-musl set size:undefined disposed:false
1016 silly fetch manifest @unrs/resolver-binding-linux-arm-gnueabihf@1.12.2
1017 silly packumentCache full:https://registry.npmjs.org/@unrs%2fresolver-binding-linux-arm-gnueabihf cache-miss
1018 http fetch GET 200 https://registry.npmjs.org/@unrs%2fresolver-binding-openharmony-arm64 71ms (cache miss)
1019 silly packumentCache full:https://registry.npmjs.org/@unrs%2fresolver-binding-openharmony-arm64 set size:undefined disposed:false
1020 silly fetch manifest @unrs/resolver-binding-linux-arm-musleabihf@1.12.2
1021 silly packumentCache full:https://registry.npmjs.org/@unrs%2fresolver-binding-linux-arm-musleabihf cache-miss
1022 http fetch GET 200 https://registry.npmjs.org/@unrs%2fresolver-binding-android-arm-eabi 79ms (cache miss)
1023 silly packumentCache full:https://registry.npmjs.org/@unrs%2fresolver-binding-android-arm-eabi set size:undefined disposed:false
1024 silly fetch manifest @unrs/resolver-binding-win32-ia32-msvc@1.12.2
1025 silly packumentCache full:https://registry.npmjs.org/@unrs%2fresolver-binding-win32-ia32-msvc cache-miss
1026 http fetch GET 200 https://registry.npmjs.org/@unrs%2fresolver-binding-linux-arm-gnueabihf 147ms (cache miss)
1027 silly packumentCache full:https://registry.npmjs.org/@unrs%2fresolver-binding-linux-arm-gnueabihf set size:undefined disposed:false
1028 silly fetch manifest @unrs/resolver-binding-linux-loong64-gnu@1.12.2
1029 silly packumentCache full:https://registry.npmjs.org/@unrs%2fresolver-binding-linux-loong64-gnu cache-miss
1030 http fetch GET 200 https://registry.npmjs.org/@unrs%2fresolver-binding-win32-ia32-msvc 125ms (cache miss)
1031 silly packumentCache full:https://registry.npmjs.org/@unrs%2fresolver-binding-win32-ia32-msvc set size:undefined disposed:false
1032 silly fetch manifest @unrs/resolver-binding-linux-loong64-musl@1.12.2
1033 silly packumentCache full:https://registry.npmjs.org/@unrs%2fresolver-binding-linux-loong64-musl cache-miss
1034 http fetch GET 200 https://registry.npmjs.org/@unrs%2fresolver-binding-linux-arm-musleabihf 148ms (cache miss)
1035 silly packumentCache full:https://registry.npmjs.org/@unrs%2fresolver-binding-linux-arm-musleabihf set size:undefined disposed:false
1036 silly fetch manifest @unrs/resolver-binding-linux-ppc64-gnu@1.12.2
1037 silly packumentCache full:https://registry.npmjs.org/@unrs%2fresolver-binding-linux-ppc64-gnu cache-miss
1038 http fetch GET 200 https://registry.npmjs.org/@unrs%2fresolver-binding-linux-ppc64-gnu 115ms (cache miss)
1039 silly packumentCache full:https://registry.npmjs.org/@unrs%2fresolver-binding-linux-ppc64-gnu set size:undefined disposed:false
1040 silly fetch manifest @unrs/resolver-binding-linux-riscv64-gnu@1.12.2
1041 silly packumentCache full:https://registry.npmjs.org/@unrs%2fresolver-binding-linux-riscv64-gnu cache-miss
1042 http fetch GET 200 https://registry.npmjs.org/@unrs%2fresolver-binding-linux-loong64-musl 128ms (cache miss)
1043 silly packumentCache full:https://registry.npmjs.org/@unrs%2fresolver-binding-linux-loong64-musl set size:undefined disposed:false
1044 silly fetch manifest @unrs/resolver-binding-linux-riscv64-musl@1.12.2
1045 silly packumentCache full:https://registry.npmjs.org/@unrs%2fresolver-binding-linux-riscv64-musl cache-miss
1046 http fetch GET 200 https://registry.npmjs.org/@unrs%2fresolver-binding-linux-loong64-gnu 134ms (cache miss)
1047 silly packumentCache full:https://registry.npmjs.org/@unrs%2fresolver-binding-linux-loong64-gnu set size:undefined disposed:false
1048 silly fetch manifest @unrs/resolver-binding-linux-s390x-gnu@1.12.2
1049 silly packumentCache full:https://registry.npmjs.org/@unrs%2fresolver-binding-linux-s390x-gnu cache-miss
1050 http fetch GET 200 https://registry.npmjs.org/@unrs%2fresolver-binding-linux-riscv64-gnu 94ms (cache miss)
1051 silly packumentCache full:https://registry.npmjs.org/@unrs%2fresolver-binding-linux-riscv64-gnu set size:undefined disposed:false
1052 silly fetch manifest @unrs/resolver-binding-wasm32-wasi@1.12.2
1053 silly packumentCache full:https://registry.npmjs.org/@unrs%2fresolver-binding-wasm32-wasi cache-miss
1054 http fetch GET 200 https://registry.npmjs.org/@unrs%2fresolver-binding-linux-s390x-gnu 89ms (cache miss)
1055 silly packumentCache full:https://registry.npmjs.org/@unrs%2fresolver-binding-linux-s390x-gnu set size:undefined disposed:false
1056 silly fetch manifest @unrs/resolver-binding-darwin-x64@1.12.2
1057 silly packumentCache full:https://registry.npmjs.org/@unrs%2fresolver-binding-darwin-x64 cache-miss
1058 http fetch GET 200 https://registry.npmjs.org/@unrs%2fresolver-binding-linux-riscv64-musl 100ms (cache miss)
1059 silly packumentCache full:https://registry.npmjs.org/@unrs%2fresolver-binding-linux-riscv64-musl set size:undefined disposed:false
1060 silly fetch manifest @unrs/resolver-binding-win32-x64-msvc@1.12.2
1061 silly packumentCache full:https://registry.npmjs.org/@unrs%2fresolver-binding-win32-x64-msvc cache-miss
1062 http fetch GET 200 https://registry.npmjs.org/@unrs%2fresolver-binding-win32-x64-msvc 156ms (cache miss)
1063 silly packumentCache full:https://registry.npmjs.org/@unrs%2fresolver-binding-win32-x64-msvc set size:undefined disposed:false
1064 silly fetch manifest @unrs/resolver-binding-freebsd-x64@1.12.2
1065 silly packumentCache full:https://registry.npmjs.org/@unrs%2fresolver-binding-freebsd-x64 cache-miss
1066 http fetch GET 200 https://registry.npmjs.org/@unrs%2fresolver-binding-wasm32-wasi 170ms (cache miss)
1067 silly packumentCache full:https://registry.npmjs.org/@unrs%2fresolver-binding-wasm32-wasi set size:undefined disposed:false
1068 silly fetch manifest @unrs/resolver-binding-linux-x64-gnu@1.12.2
1069 silly packumentCache full:https://registry.npmjs.org/@unrs%2fresolver-binding-linux-x64-gnu cache-miss
1070 http fetch GET 200 https://registry.npmjs.org/@unrs%2fresolver-binding-darwin-x64 263ms (cache miss)
1071 silly packumentCache full:https://registry.npmjs.org/@unrs%2fresolver-binding-darwin-x64 set size:undefined disposed:false
1072 silly fetch manifest @unrs/resolver-binding-linux-x64-musl@1.12.2
1073 silly packumentCache full:https://registry.npmjs.org/@unrs%2fresolver-binding-linux-x64-musl cache-miss
1074 http fetch GET 200 https://registry.npmjs.org/@unrs%2fresolver-binding-linux-x64-gnu 106ms (cache miss)
1075 silly packumentCache full:https://registry.npmjs.org/@unrs%2fresolver-binding-linux-x64-gnu set size:undefined disposed:false
1076 http fetch GET 200 https://registry.npmjs.org/@unrs%2fresolver-binding-freebsd-x64 113ms (cache miss)
1077 silly packumentCache full:https://registry.npmjs.org/@unrs%2fresolver-binding-freebsd-x64 set size:undefined disposed:false
1078 http fetch GET 200 https://registry.npmjs.org/@unrs%2fresolver-binding-linux-x64-musl 179ms (cache miss)
1079 silly packumentCache full:https://registry.npmjs.org/@unrs%2fresolver-binding-linux-x64-musl set size:undefined disposed:false
1080 silly placeDep ROOT @rtsao/scc@1.1.0 OK for: eslint-plugin-import@2.32.0 want: ^1.1.0
1081 silly placeDep ROOT array-includes@3.2.0 OK for: eslint-plugin-import@2.32.0 want: ^3.1.9
1082 silly placeDep ROOT array.prototype.findlastindex@1.2.6 OK for: eslint-plugin-import@2.32.0 want: ^1.2.6
1083 silly placeDep ROOT array.prototype.flat@1.3.3 OK for: eslint-plugin-import@2.32.0 want: ^1.3.3
1084 silly placeDep ROOT array.prototype.flatmap@1.3.3 OK for: eslint-plugin-import@2.32.0 want: ^1.3.3
1085 silly placeDep node_modules/eslint-plugin-import debug@3.2.7 OK for: eslint-plugin-import@2.32.0 want: ^3.2.7
1086 silly placeDep ROOT doctrine@2.1.0 OK for: eslint-plugin-import@2.32.0 want: ^2.1.0
1087 silly placeDep ROOT eslint-module-utils@2.14.0 OK for: eslint-plugin-import@2.32.0 want: ^2.12.1
1088 silly placeDep ROOT hasown@2.0.4 OK for: eslint-plugin-import@2.32.0 want: ^2.0.2
1089 silly placeDep ROOT object.fromentries@2.0.8 OK for: eslint-plugin-import@2.32.0 want: ^2.0.8
1090 silly placeDep ROOT object.groupby@1.0.3 OK for: eslint-plugin-import@2.32.0 want: ^1.0.3
1091 silly placeDep ROOT object.values@1.2.1 OK for: eslint-plugin-import@2.32.0 want: ^1.2.1
1092 silly placeDep node_modules/eslint-plugin-import semver@6.3.1 OK for: eslint-plugin-import@2.32.0 want: ^6.3.1
1093 silly placeDep ROOT string.prototype.trimend@1.0.10 OK for: eslint-plugin-import@2.32.0 want: ^1.0.9
1094 silly placeDep ROOT tsconfig-paths@3.15.0 OK for: eslint-plugin-import@2.32.0 want: ^3.15.0
1095 silly fetch manifest call-bind@^1.0.9
1096 silly packumentCache full:https://registry.npmjs.org/call-bind cache-miss
1097 silly fetch manifest is-string@^1.1.1
1098 silly packumentCache full:https://registry.npmjs.org/is-string cache-miss
1099 silly fetch manifest call-bound@^1.0.4
1100 silly packumentCache full:https://registry.npmjs.org/call-bound cache-miss
1101 http fetch GET 200 https://registry.npmjs.org/call-bind 78ms (cache miss)
1102 silly packumentCache full:https://registry.npmjs.org/call-bind set size:undefined disposed:false
1103 silly fetch manifest es-abstract@^1.24.2
1104 silly packumentCache full:https://registry.npmjs.org/es-abstract cache-miss
1105 http fetch GET 200 https://registry.npmjs.org/is-string 89ms (cache miss)
1106 silly packumentCache full:https://registry.npmjs.org/is-string set size:undefined disposed:false
1107 silly fetch manifest es-object-atoms@^1.1.2
1108 silly packumentCache full:https://registry.npmjs.org/es-object-atoms cache-miss
1109 http fetch GET 200 https://registry.npmjs.org/call-bound 96ms (cache miss)
1110 silly packumentCache full:https://registry.npmjs.org/call-bound set size:undefined disposed:false
1111 silly fetch manifest math-intrinsics@^1.1.0
1112 silly packumentCache full:https://registry.npmjs.org/math-intrinsics cache-miss
1113 http fetch GET 200 https://registry.npmjs.org/math-intrinsics 79ms (cache miss)
1114 silly packumentCache full:https://registry.npmjs.org/math-intrinsics set size:undefined disposed:false
1115 silly fetch manifest define-properties@^1.2.1
1116 silly packumentCache full:https://registry.npmjs.org/define-properties cache-miss
1117 http fetch GET 200 https://registry.npmjs.org/es-object-atoms 88ms (cache miss)
1118 silly packumentCache full:https://registry.npmjs.org/es-object-atoms set size:undefined disposed:false
1119 silly fetch manifest es-shim-unscopables@^1.1.0
1120 silly packumentCache full:https://registry.npmjs.org/es-shim-unscopables cache-miss
1121 http fetch GET 200 https://registry.npmjs.org/es-abstract 108ms (cache miss)
1122 silly packumentCache full:https://registry.npmjs.org/es-abstract set size:undefined disposed:false
1123 silly fetch manifest call-bind@^1.0.8
1124 silly packumentCache full:https://registry.npmjs.org/call-bind cache-miss
1125 http cache https://registry.npmjs.org/call-bind 7ms (cache hit)
1126 silly packumentCache full:https://registry.npmjs.org/call-bind set size:32985 disposed:false
1127 silly fetch manifest define-properties@^1.2.1
1128 silly packumentCache full:https://registry.npmjs.org/define-properties cache-miss
1129 http fetch GET 200 https://registry.npmjs.org/es-shim-unscopables 215ms (cache miss)
1130 silly packumentCache full:https://registry.npmjs.org/es-shim-unscopables set size:undefined disposed:false
1131 silly fetch manifest es-abstract@^1.23.9
1132 silly packumentCache full:https://registry.npmjs.org/es-abstract cache-miss
1133 http fetch GET 200 https://registry.npmjs.org/define-properties 219ms (cache miss)
1134 silly packumentCache full:https://registry.npmjs.org/define-properties set size:undefined disposed:false
1135 silly fetch manifest es-object-atoms@^1.1.1
1136 silly packumentCache full:https://registry.npmjs.org/es-object-atoms cache-miss
1137 http fetch GET 200 https://registry.npmjs.org/define-properties 198ms (cache miss)
1138 silly packumentCache full:https://registry.npmjs.org/define-properties set size:undefined disposed:false
1139 silly fetch manifest es-abstract@^1.23.5
1140 silly packumentCache full:https://registry.npmjs.org/es-abstract cache-miss
1141 http cache https://registry.npmjs.org/es-abstract 13ms (cache hit)
1142 silly packumentCache full:https://registry.npmjs.org/es-abstract set size:384124 disposed:false
1143 silly fetch manifest es-shim-unscopables@^1.0.2
1144 silly packumentCache full:https://registry.npmjs.org/es-shim-unscopables cache-miss
1145 http cache https://registry.npmjs.org/es-object-atoms 15ms (cache hit)
1146 silly packumentCache full:https://registry.npmjs.org/es-object-atoms set size:18278 disposed:false
1147 silly fetch manifest es-abstract@^1.23.5
1148 silly packumentCache full:https://registry.npmjs.org/es-abstract cache-hit
1149 silly fetch manifest es-shim-unscopables@^1.0.2
1150 silly packumentCache full:https://registry.npmjs.org/es-shim-unscopables cache-miss
1151 http cache https://registry.npmjs.org/es-abstract 18ms (cache hit)
1152 silly packumentCache full:https://registry.npmjs.org/es-abstract set size:384124 disposed:false
1153 silly packumentCache full:https://registry.npmjs.org/es-abstract dispose
1154 silly fetch manifest function-bind@^1.1.2
1155 silly packumentCache full:https://registry.npmjs.org/function-bind cache-miss
1156 http cache https://registry.npmjs.org/es-shim-unscopables 19ms (cache hit)
1157 silly packumentCache full:https://registry.npmjs.org/es-shim-unscopables set size:13965 disposed:false
1158 silly fetch manifest call-bind@^1.0.7
1159 silly packumentCache full:https://registry.npmjs.org/call-bind cache-hit
1160 silly fetch manifest es-abstract@^1.23.2
1161 silly packumentCache full:https://registry.npmjs.org/es-abstract cache-hit
1162 silly fetch manifest es-object-atoms@^1.0.0
1163 silly packumentCache full:https://registry.npmjs.org/es-object-atoms cache-hit
1164 silly fetch manifest call-bound@^1.0.3
1165 silly packumentCache full:https://registry.npmjs.org/call-bound cache-miss
1166 http cache https://registry.npmjs.org/es-shim-unscopables 20ms (cache hit)
1167 silly packumentCache full:https://registry.npmjs.org/es-shim-unscopables set size:13965 disposed:false
1168 silly packumentCache full:https://registry.npmjs.org/es-shim-unscopables dispose
1169 silly fetch manifest json5@^1.0.2
1170 silly packumentCache full:https://registry.npmjs.org/json5 cache-miss
1171 http cache https://registry.npmjs.org/call-bound 10ms (cache hit)
1172 silly packumentCache full:https://registry.npmjs.org/call-bound set size:15317 disposed:false
1173 silly fetch manifest minimist@^1.2.6
1174 silly packumentCache full:https://registry.npmjs.org/minimist cache-miss
1175 http fetch GET 200 https://registry.npmjs.org/function-bind 81ms (cache miss)
1176 silly packumentCache full:https://registry.npmjs.org/function-bind set size:undefined disposed:false
1177 silly fetch manifest strip-bom@^3.0.0
1178 silly packumentCache full:https://registry.npmjs.org/strip-bom cache-miss
1179 http fetch GET 200 https://registry.npmjs.org/json5 72ms (cache miss)
1180 silly packumentCache full:https://registry.npmjs.org/json5 set size:undefined disposed:false
1181 silly fetch manifest @types/json5@^0.0.29
1182 silly packumentCache full:https://registry.npmjs.org/@types%2fjson5 cache-miss
1183 http fetch GET 200 https://registry.npmjs.org/minimist 76ms (cache miss)
1184 silly packumentCache full:https://registry.npmjs.org/minimist set size:undefined disposed:false
1185 http fetch GET 200 https://registry.npmjs.org/strip-bom 61ms (cache miss)
1186 silly packumentCache full:https://registry.npmjs.org/strip-bom set size:undefined disposed:false
1187 http fetch GET 200 https://registry.npmjs.org/@types%2fjson5 66ms (cache miss)
1188 silly packumentCache full:https://registry.npmjs.org/@types%2fjson5 set size:undefined disposed:false
1189 silly placeDep ROOT call-bind@1.0.9 OK for: array-includes@3.2.0 want: ^1.0.9
1190 silly placeDep ROOT call-bound@1.0.4 OK for: array-includes@3.2.0 want: ^1.0.4
1191 silly placeDep ROOT define-properties@1.2.1 OK for: array-includes@3.2.0 want: ^1.2.1
1192 silly placeDep ROOT es-abstract@1.24.2 OK for: array-includes@3.2.0 want: ^1.24.2
1193 silly placeDep ROOT es-object-atoms@1.1.2 OK for: array-includes@3.2.0 want: ^1.1.2
1194 silly placeDep ROOT es-shim-unscopables@1.1.0 OK for: array-includes@3.2.0 want: ^1.1.0
1195 silly placeDep ROOT is-string@1.1.1 OK for: array-includes@3.2.0 want: ^1.1.1
1196 silly placeDep ROOT math-intrinsics@1.1.0 OK for: array-includes@3.2.0 want: ^1.1.0
1197 silly fetch manifest call-bind-apply-helpers@^1.0.2
1198 silly packumentCache full:https://registry.npmjs.org/call-bind-apply-helpers cache-miss
1199 silly fetch manifest es-define-property@^1.0.1
1200 silly packumentCache full:https://registry.npmjs.org/es-define-property cache-miss
1201 silly fetch manifest get-intrinsic@^1.3.0
1202 silly packumentCache full:https://registry.npmjs.org/get-intrinsic cache-miss
1203 http fetch GET 200 https://registry.npmjs.org/es-define-property 65ms (cache miss)
1204 silly packumentCache full:https://registry.npmjs.org/es-define-property set size:undefined disposed:false
1205 silly fetch manifest set-function-length@^1.2.2
1206 silly packumentCache full:https://registry.npmjs.org/set-function-length cache-miss
1207 http fetch GET 200 https://registry.npmjs.org/get-intrinsic 180ms (cache miss)
1208 silly packumentCache full:https://registry.npmjs.org/get-intrinsic set size:undefined disposed:false
1209 silly fetch manifest call-bind-apply-helpers@^1.0.2
1210 silly packumentCache full:https://registry.npmjs.org/call-bind-apply-helpers cache-miss
1211 http fetch GET 200 https://registry.npmjs.org/call-bind-apply-helpers 184ms (cache miss)
1212 silly packumentCache full:https://registry.npmjs.org/call-bind-apply-helpers set size:undefined disposed:false
1213 silly fetch manifest define-data-property@^1.0.1
1214 silly packumentCache full:https://registry.npmjs.org/define-data-property cache-miss
1215 http fetch GET 200 https://registry.npmjs.org/set-function-length 123ms (cache miss)
1216 silly packumentCache full:https://registry.npmjs.org/set-function-length set size:undefined disposed:false
1217 silly fetch manifest has-property-descriptors@^1.0.0
1218 silly packumentCache full:https://registry.npmjs.org/has-property-descriptors cache-miss
1219 http cache https://registry.npmjs.org/call-bind-apply-helpers 10ms (cache hit)
1220 silly packumentCache full:https://registry.npmjs.org/call-bind-apply-helpers set size:12744 disposed:false
1221 silly fetch manifest array-buffer-byte-length@^1.0.2
1222 silly packumentCache full:https://registry.npmjs.org/array-buffer-byte-length cache-miss
1223 http fetch GET 200 https://registry.npmjs.org/array-buffer-byte-length 61ms (cache miss)
1224 silly packumentCache full:https://registry.npmjs.org/array-buffer-byte-length set size:undefined disposed:false
1225 silly fetch manifest arraybuffer.prototype.slice@^1.0.4
1226 silly packumentCache full:https://registry.npmjs.org/arraybuffer.prototype.slice cache-miss
1227 http fetch GET 200 https://registry.npmjs.org/has-property-descriptors 67ms (cache miss)
1228 silly packumentCache full:https://registry.npmjs.org/has-property-descriptors set size:undefined disposed:false
1229 silly fetch manifest available-typed-arrays@^1.0.7
1230 silly packumentCache full:https://registry.npmjs.org/available-typed-arrays cache-miss
1231 http fetch GET 200 https://registry.npmjs.org/define-data-property 76ms (cache miss)
1232 silly packumentCache full:https://registry.npmjs.org/define-data-property set size:undefined disposed:false
1233 silly fetch manifest data-view-buffer@^1.0.2
1234 silly packumentCache full:https://registry.npmjs.org/data-view-buffer cache-miss
1235 http fetch GET 200 https://registry.npmjs.org/arraybuffer.prototype.slice 62ms (cache miss)
1236 silly packumentCache full:https://registry.npmjs.org/arraybuffer.prototype.slice set size:undefined disposed:false
1237 silly fetch manifest data-view-byte-length@^1.0.2
1238 silly packumentCache full:https://registry.npmjs.org/data-view-byte-length cache-miss
1239 http fetch GET 200 https://registry.npmjs.org/available-typed-arrays 66ms (cache miss)
1240 silly packumentCache full:https://registry.npmjs.org/available-typed-arrays set size:undefined disposed:false
1241 silly fetch manifest data-view-byte-offset@^1.0.1
1242 silly packumentCache full:https://registry.npmjs.org/data-view-byte-offset cache-miss
1243 http fetch GET 200 https://registry.npmjs.org/data-view-buffer 72ms (cache miss)
1244 silly packumentCache full:https://registry.npmjs.org/data-view-buffer set size:undefined disposed:false
1245 silly fetch manifest es-set-tostringtag@^2.1.0
1246 silly packumentCache full:https://registry.npmjs.org/es-set-tostringtag cache-miss
1247 http fetch GET 200 https://registry.npmjs.org/data-view-byte-length 57ms (cache miss)
1248 silly packumentCache full:https://registry.npmjs.org/data-view-byte-length set size:undefined disposed:false
1249 silly fetch manifest es-to-primitive@^1.3.0
1250 silly packumentCache full:https://registry.npmjs.org/es-to-primitive cache-miss
1251 http fetch GET 200 https://registry.npmjs.org/data-view-byte-offset 61ms (cache miss)
1252 silly packumentCache full:https://registry.npmjs.org/data-view-byte-offset set size:undefined disposed:false
1253 silly fetch manifest function.prototype.name@^1.1.8
1254 silly packumentCache full:https://registry.npmjs.org/function.prototype.name cache-miss
1255 http fetch GET 200 https://registry.npmjs.org/es-set-tostringtag 284ms (cache miss)
1256 silly packumentCache full:https://registry.npmjs.org/es-set-tostringtag set size:undefined disposed:false
1257 silly fetch manifest get-proto@^1.0.1
1258 silly packumentCache full:https://registry.npmjs.org/get-proto cache-miss
1259 http fetch GET 200 https://registry.npmjs.org/es-to-primitive 246ms (cache miss)
1260 silly packumentCache full:https://registry.npmjs.org/es-to-primitive set size:undefined disposed:false
1261 silly fetch manifest get-symbol-description@^1.1.0
1262 silly packumentCache full:https://registry.npmjs.org/get-symbol-description cache-miss
1263 http fetch GET 200 https://registry.npmjs.org/function.prototype.name 238ms (cache miss)
1264 silly packumentCache full:https://registry.npmjs.org/function.prototype.name set size:undefined disposed:false
1265 silly fetch manifest globalthis@^1.0.4
1266 silly packumentCache full:https://registry.npmjs.org/globalthis cache-miss
1267 http fetch GET 200 https://registry.npmjs.org/get-symbol-description 57ms (cache miss)
1268 silly packumentCache full:https://registry.npmjs.org/get-symbol-description set size:undefined disposed:false
1269 silly fetch manifest gopd@^1.2.0
1270 silly packumentCache full:https://registry.npmjs.org/gopd cache-miss
1271 http fetch GET 200 https://registry.npmjs.org/globalthis 63ms (cache miss)
1272 silly packumentCache full:https://registry.npmjs.org/globalthis set size:undefined disposed:false
1273 silly fetch manifest has-property-descriptors@^1.0.2
1274 silly packumentCache full:https://registry.npmjs.org/has-property-descriptors cache-miss
1275 http fetch GET 200 https://registry.npmjs.org/get-proto 73ms (cache miss)
1276 silly packumentCache full:https://registry.npmjs.org/get-proto set size:undefined disposed:false
1277 silly fetch manifest has-proto@^1.2.0
1278 silly packumentCache full:https://registry.npmjs.org/has-proto cache-miss
1279 http cache https://registry.npmjs.org/has-property-descriptors 10ms (cache hit)
1280 silly packumentCache full:https://registry.npmjs.org/has-property-descriptors set size:12452 disposed:false
1281 silly fetch manifest has-symbols@^1.1.0
1282 silly packumentCache full:https://registry.npmjs.org/has-symbols cache-miss
1283 http fetch GET 200 https://registry.npmjs.org/gopd 59ms (cache miss)
1284 silly packumentCache full:https://registry.npmjs.org/gopd set size:undefined disposed:false
1285 silly fetch manifest internal-slot@^1.1.0
1286 silly packumentCache full:https://registry.npmjs.org/internal-slot cache-miss
1287 http fetch GET 200 https://registry.npmjs.org/has-symbols 124ms (cache miss)
1288 silly packumentCache full:https://registry.npmjs.org/has-symbols set size:undefined disposed:false
1289 silly fetch manifest is-array-buffer@^3.0.5
1290 silly packumentCache full:https://registry.npmjs.org/is-array-buffer cache-miss
1291 http fetch GET 200 https://registry.npmjs.org/has-proto 138ms (cache miss)
1292 silly packumentCache full:https://registry.npmjs.org/has-proto set size:undefined disposed:false
1293 silly fetch manifest is-callable@^1.2.7
1294 silly packumentCache full:https://registry.npmjs.org/is-callable cache-miss
1295 http fetch GET 200 https://registry.npmjs.org/internal-slot 93ms (cache miss)
1296 silly packumentCache full:https://registry.npmjs.org/internal-slot set size:undefined disposed:false
1297 silly fetch manifest is-data-view@^1.0.2
1298 silly packumentCache full:https://registry.npmjs.org/is-data-view cache-miss
1299 http fetch GET 200 https://registry.npmjs.org/is-data-view 99ms (cache miss)
1300 silly packumentCache full:https://registry.npmjs.org/is-data-view set size:undefined disposed:false
1301 silly fetch manifest is-negative-zero@^2.0.3
1302 silly packumentCache full:https://registry.npmjs.org/is-negative-zero cache-miss
1303 http fetch GET 200 https://registry.npmjs.org/is-callable 106ms (cache miss)
1304 silly packumentCache full:https://registry.npmjs.org/is-callable set size:undefined disposed:false
1305 silly fetch manifest is-regex@^1.2.1
1306 silly packumentCache full:https://registry.npmjs.org/is-regex cache-miss
1307 http fetch GET 200 https://registry.npmjs.org/is-array-buffer 170ms (cache miss)
1308 silly packumentCache full:https://registry.npmjs.org/is-array-buffer set size:undefined disposed:false
1309 silly fetch manifest is-set@^2.0.3
1310 silly packumentCache full:https://registry.npmjs.org/is-set cache-miss
1311 http fetch GET 200 https://registry.npmjs.org/is-regex 65ms (cache miss)
1312 silly packumentCache full:https://registry.npmjs.org/is-regex set size:undefined disposed:false
1313 silly fetch manifest is-shared-array-buffer@^1.0.4
1314 silly packumentCache full:https://registry.npmjs.org/is-shared-array-buffer cache-miss
1315 http fetch GET 200 https://registry.npmjs.org/is-negative-zero 74ms (cache miss)
1316 silly packumentCache full:https://registry.npmjs.org/is-negative-zero set size:undefined disposed:false
1317 silly fetch manifest is-typed-array@^1.1.15
1318 silly packumentCache full:https://registry.npmjs.org/is-typed-array cache-miss
1319 http fetch GET 200 https://registry.npmjs.org/is-shared-array-buffer 64ms (cache miss)
1320 silly packumentCache full:https://registry.npmjs.org/is-shared-array-buffer set size:undefined disposed:false
1321 silly fetch manifest is-weakref@^1.1.1
1322 silly packumentCache full:https://registry.npmjs.org/is-weakref cache-miss
1323 http fetch GET 200 https://registry.npmjs.org/is-set 75ms (cache miss)
1324 silly packumentCache full:https://registry.npmjs.org/is-set set size:undefined disposed:false
1325 silly fetch manifest object-inspect@^1.13.4
1326 silly packumentCache full:https://registry.npmjs.org/object-inspect cache-miss
1327 http fetch GET 200 https://registry.npmjs.org/is-typed-array 70ms (cache miss)
1328 silly packumentCache full:https://registry.npmjs.org/is-typed-array set size:undefined disposed:false
1329 silly fetch manifest object.assign@^4.1.7
1330 silly packumentCache full:https://registry.npmjs.org/object.assign cache-miss
1331 http fetch GET 200 https://registry.npmjs.org/is-weakref 62ms (cache miss)
1332 silly packumentCache full:https://registry.npmjs.org/is-weakref set size:undefined disposed:false
1333 silly fetch manifest own-keys@^1.0.1
1334 silly packumentCache full:https://registry.npmjs.org/own-keys cache-miss
1335 http fetch GET 200 https://registry.npmjs.org/object.assign 66ms (cache miss)
1336 silly packumentCache full:https://registry.npmjs.org/object.assign set size:undefined disposed:false
1337 silly fetch manifest regexp.prototype.flags@^1.5.4
1338 silly packumentCache full:https://registry.npmjs.org/regexp.prototype.flags cache-miss
1339 http fetch GET 200 https://registry.npmjs.org/object-inspect 81ms (cache miss)
1340 silly packumentCache full:https://registry.npmjs.org/object-inspect set size:undefined disposed:false
1341 silly fetch manifest safe-array-concat@^1.1.3
1342 silly packumentCache full:https://registry.npmjs.org/safe-array-concat cache-miss
1343 http fetch GET 200 https://registry.npmjs.org/own-keys 61ms (cache miss)
1344 silly packumentCache full:https://registry.npmjs.org/own-keys set size:undefined disposed:false
1345 silly fetch manifest safe-push-apply@^1.0.0
1346 silly packumentCache full:https://registry.npmjs.org/safe-push-apply cache-miss
1347 http fetch GET 200 https://registry.npmjs.org/regexp.prototype.flags 62ms (cache miss)
1348 silly packumentCache full:https://registry.npmjs.org/regexp.prototype.flags set size:undefined disposed:false
1349 silly fetch manifest safe-regex-test@^1.1.0
1350 silly packumentCache full:https://registry.npmjs.org/safe-regex-test cache-miss
1351 http cache https://registry.npmjs.org/safe-regex-test 9ms (cache hit)
1352 silly packumentCache full:https://registry.npmjs.org/safe-regex-test set size:17412 disposed:false
1353 silly fetch manifest set-proto@^1.0.0
1354 silly packumentCache full:https://registry.npmjs.org/set-proto cache-miss
1355 http fetch GET 200 https://registry.npmjs.org/safe-array-concat 180ms (cache miss)
1356 silly packumentCache full:https://registry.npmjs.org/safe-array-concat set size:undefined disposed:false
1357 silly fetch manifest stop-iteration-iterator@^1.1.0
1358 silly packumentCache full:https://registry.npmjs.org/stop-iteration-iterator cache-miss
1359 http fetch GET 200 https://registry.npmjs.org/safe-push-apply 149ms (cache miss)
1360 silly packumentCache full:https://registry.npmjs.org/safe-push-apply set size:undefined disposed:false
1361 silly fetch manifest string.prototype.trim@^1.2.10
1362 silly packumentCache full:https://registry.npmjs.org/string.prototype.trim cache-miss
1363 http fetch GET 200 https://registry.npmjs.org/set-proto 121ms (cache miss)
1364 silly packumentCache full:https://registry.npmjs.org/set-proto set size:undefined disposed:false
1365 silly fetch manifest string.prototype.trimstart@^1.0.8
1366 silly packumentCache full:https://registry.npmjs.org/string.prototype.trimstart cache-miss
1367 http fetch GET 200 https://registry.npmjs.org/stop-iteration-iterator 68ms (cache miss)
1368 silly packumentCache full:https://registry.npmjs.org/stop-iteration-iterator set size:undefined disposed:false
1369 silly fetch manifest typed-array-buffer@^1.0.3
1370 silly packumentCache full:https://registry.npmjs.org/typed-array-buffer cache-miss
1371 http fetch GET 200 https://registry.npmjs.org/string.prototype.trimstart 67ms (cache miss)
1372 silly packumentCache full:https://registry.npmjs.org/string.prototype.trimstart set size:undefined disposed:false
1373 silly fetch manifest typed-array-byte-length@^1.0.3
1374 silly packumentCache full:https://registry.npmjs.org/typed-array-byte-length cache-miss
1375 http fetch GET 200 https://registry.npmjs.org/string.prototype.trim 71ms (cache miss)
1376 silly packumentCache full:https://registry.npmjs.org/string.prototype.trim set size:undefined disposed:false
1377 silly fetch manifest typed-array-byte-offset@^1.0.4
1378 silly packumentCache full:https://registry.npmjs.org/typed-array-byte-offset cache-miss
1379 http fetch GET 200 https://registry.npmjs.org/typed-array-buffer 71ms (cache miss)
1380 silly packumentCache full:https://registry.npmjs.org/typed-array-buffer set size:undefined disposed:false
1381 silly fetch manifest typed-array-length@^1.0.7
1382 silly packumentCache full:https://registry.npmjs.org/typed-array-length cache-miss
1383 http fetch GET 200 https://registry.npmjs.org/typed-array-byte-offset 65ms (cache miss)
1384 silly packumentCache full:https://registry.npmjs.org/typed-array-byte-offset set size:undefined disposed:false
1385 silly fetch manifest unbox-primitive@^1.1.0
1386 silly packumentCache full:https://registry.npmjs.org/unbox-primitive cache-miss
1387 http fetch GET 200 https://registry.npmjs.org/typed-array-byte-length 69ms (cache miss)
1388 silly packumentCache full:https://registry.npmjs.org/typed-array-byte-length set size:undefined disposed:false
1389 silly fetch manifest which-typed-array@^1.1.19
1390 silly packumentCache full:https://registry.npmjs.org/which-typed-array cache-miss
1391 http fetch GET 200 https://registry.npmjs.org/unbox-primitive 78ms (cache miss)
1392 silly packumentCache full:https://registry.npmjs.org/unbox-primitive set size:undefined disposed:false
1393 silly fetch manifest has-tostringtag@^1.0.2
1394 silly packumentCache full:https://registry.npmjs.org/has-tostringtag cache-miss
1395 http fetch GET 200 https://registry.npmjs.org/which-typed-array 81ms (cache miss)
1396 silly packumentCache full:https://registry.npmjs.org/which-typed-array set size:undefined disposed:false
1397 http fetch GET 200 https://registry.npmjs.org/typed-array-length 92ms (cache miss)
1398 silly packumentCache full:https://registry.npmjs.org/typed-array-length set size:undefined disposed:false
1399 http fetch GET 200 https://registry.npmjs.org/has-tostringtag 57ms (cache miss)
1400 silly packumentCache full:https://registry.npmjs.org/has-tostringtag set size:undefined disposed:false
1401 silly placeDep ROOT es-errors@1.3.0 OK for: array.prototype.findlastindex@1.2.6 want: ^1.3.0
1402 silly placeDep ROOT call-bind-apply-helpers@1.0.2 OK for: call-bind@1.0.9 want: ^1.0.2
1403 silly placeDep ROOT es-define-property@1.0.1 OK for: call-bind@1.0.9 want: ^1.0.1
1404 silly placeDep ROOT get-intrinsic@1.3.0 OK for: call-bind@1.0.9 want: ^1.3.0
1405 silly placeDep ROOT set-function-length@1.2.2 OK for: call-bind@1.0.9 want: ^1.2.2
1406 silly fetch manifest define-data-property@^1.1.4
1407 silly packumentCache full:https://registry.npmjs.org/define-data-property cache-miss
1408 silly fetch manifest gopd@^1.0.1
1409 silly packumentCache full:https://registry.npmjs.org/gopd cache-miss
1410 http cache https://registry.npmjs.org/gopd 6ms (cache hit)
1411 silly packumentCache full:https://registry.npmjs.org/gopd set size:11483 disposed:false
1412 http cache https://registry.npmjs.org/define-data-property 10ms (cache hit)
1413 silly packumentCache full:https://registry.npmjs.org/define-data-property set size:28048 disposed:false
1414 silly placeDep ROOT function-bind@1.1.2 OK for: call-bind-apply-helpers@1.0.2 want: ^1.1.2
1415 silly placeDep ROOT define-data-property@1.1.4 OK for: define-properties@1.2.1 want: ^1.0.1
1416 silly placeDep ROOT has-property-descriptors@1.0.2 OK for: define-properties@1.2.1 want: ^1.0.0
1417 silly placeDep ROOT object-keys@1.1.1 OK for: define-properties@1.2.1 want: ^1.1.1
1418 silly placeDep ROOT gopd@1.2.0 OK for: define-data-property@1.1.4 want: ^1.0.1
1419 silly placeDep ROOT array-buffer-byte-length@1.0.2 OK for: es-abstract@1.24.2 want: ^1.0.2
1420 silly placeDep ROOT arraybuffer.prototype.slice@1.0.4 OK for: es-abstract@1.24.2 want: ^1.0.4
1421 silly placeDep ROOT available-typed-arrays@1.0.7 OK for: es-abstract@1.24.2 want: ^1.0.7
1422 silly placeDep ROOT data-view-buffer@1.0.2 OK for: es-abstract@1.24.2 want: ^1.0.2
1423 silly placeDep ROOT data-view-byte-length@1.0.2 OK for: es-abstract@1.24.2 want: ^1.0.2
1424 silly placeDep ROOT data-view-byte-offset@1.0.1 OK for: es-abstract@1.24.2 want: ^1.0.1
1425 silly placeDep ROOT es-set-tostringtag@2.1.0 OK for: es-abstract@1.24.2 want: ^2.1.0
1426 silly placeDep ROOT es-to-primitive@1.3.4 OK for: es-abstract@1.24.2 want: ^1.3.0
1427 silly placeDep ROOT function.prototype.name@1.2.0 OK for: es-abstract@1.24.2 want: ^1.1.8
1428 silly placeDep ROOT get-proto@1.0.1 OK for: es-abstract@1.24.2 want: ^1.0.1
1429 silly placeDep ROOT get-symbol-description@1.1.0 OK for: es-abstract@1.24.2 want: ^1.1.0
1430 silly placeDep ROOT globalthis@1.0.4 OK for: es-abstract@1.24.2 want: ^1.0.4
1431 silly placeDep ROOT has-proto@1.2.0 OK for: es-abstract@1.24.2 want: ^1.2.0
1432 silly placeDep ROOT has-symbols@1.1.0 OK for: es-abstract@1.24.2 want: ^1.1.0
1433 silly placeDep ROOT internal-slot@1.1.0 OK for: es-abstract@1.24.2 want: ^1.1.0
1434 silly placeDep ROOT is-array-buffer@3.0.5 OK for: es-abstract@1.24.2 want: ^3.0.5
1435 silly placeDep ROOT is-callable@1.2.7 OK for: es-abstract@1.24.2 want: ^1.2.7
1436 silly placeDep ROOT is-data-view@1.0.2 OK for: es-abstract@1.24.2 want: ^1.0.2
1437 silly placeDep ROOT is-negative-zero@2.0.3 OK for: es-abstract@1.24.2 want: ^2.0.3
1438 silly placeDep ROOT is-regex@1.2.1 OK for: es-abstract@1.24.2 want: ^1.2.1
1439 silly placeDep ROOT is-set@2.0.3 OK for: es-abstract@1.24.2 want: ^2.0.3
1440 silly placeDep ROOT is-shared-array-buffer@1.0.4 OK for: es-abstract@1.24.2 want: ^1.0.4
1441 silly placeDep ROOT is-typed-array@1.1.15 OK for: es-abstract@1.24.2 want: ^1.1.15
1442 silly placeDep ROOT is-weakref@1.1.1 OK for: es-abstract@1.24.2 want: ^1.1.1
1443 silly placeDep ROOT object-inspect@1.13.4 OK for: es-abstract@1.24.2 want: ^1.13.4
1444 silly placeDep ROOT object.assign@4.1.7 OK for: es-abstract@1.24.2 want: ^4.1.7
1445 silly placeDep ROOT own-keys@1.0.2 OK for: es-abstract@1.24.2 want: ^1.0.1
1446 silly placeDep ROOT regexp.prototype.flags@1.5.4 OK for: es-abstract@1.24.2 want: ^1.5.4
1447 silly placeDep ROOT safe-array-concat@1.1.4 OK for: es-abstract@1.24.2 want: ^1.1.3
1448 silly placeDep ROOT safe-push-apply@1.0.0 OK for: es-abstract@1.24.2 want: ^1.0.0
1449 silly placeDep ROOT safe-regex-test@1.1.0 OK for: es-abstract@1.24.2 want: ^1.1.0
1450 silly placeDep ROOT set-proto@1.0.0 OK for: es-abstract@1.24.2 want: ^1.0.0
1451 silly placeDep ROOT stop-iteration-iterator@1.1.0 OK for: es-abstract@1.24.2 want: ^1.1.0
1452 silly placeDep ROOT string.prototype.trim@1.2.11 OK for: es-abstract@1.24.2 want: ^1.2.10
1453 silly placeDep ROOT string.prototype.trimstart@1.0.8 OK for: es-abstract@1.24.2 want: ^1.0.8
1454 silly placeDep ROOT typed-array-buffer@1.0.3 OK for: es-abstract@1.24.2 want: ^1.0.3
1455 silly placeDep ROOT typed-array-byte-length@1.0.3 OK for: es-abstract@1.24.2 want: ^1.0.3
1456 silly placeDep ROOT typed-array-byte-offset@1.0.5 OK for: es-abstract@1.24.2 want: ^1.0.4
1457 silly placeDep ROOT typed-array-length@1.0.8 OK for: es-abstract@1.24.2 want: ^1.0.7
1458 silly placeDep ROOT unbox-primitive@1.1.0 OK for: es-abstract@1.24.2 want: ^1.1.0
1459 silly placeDep ROOT which-typed-array@1.1.24 OK for: es-abstract@1.24.2 want: ^1.1.19
1460 silly fetch manifest is-array-buffer@^3.0.4
1461 silly packumentCache full:https://registry.npmjs.org/is-array-buffer cache-miss
1462 silly fetch manifest possible-typed-array-names@^1.0.0
1463 silly packumentCache full:https://registry.npmjs.org/possible-typed-array-names cache-miss
1464 silly fetch manifest is-data-view@^1.0.1
1465 silly packumentCache full:https://registry.npmjs.org/is-data-view cache-miss
1466 http cache https://registry.npmjs.org/is-data-view 9ms (cache hit)
1467 silly packumentCache full:https://registry.npmjs.org/is-data-view set size:13756 disposed:false
1468 silly fetch manifest is-symbol@^1.1.1
1469 silly packumentCache full:https://registry.npmjs.org/is-symbol cache-miss
1470 http cache https://registry.npmjs.org/is-array-buffer 14ms (cache hit)
1471 silly packumentCache full:https://registry.npmjs.org/is-array-buffer set size:33562 disposed:false
1472 silly fetch manifest is-date-object@^1.1.0
1473 silly packumentCache full:https://registry.npmjs.org/is-date-object cache-miss
1474 http fetch GET 200 https://registry.npmjs.org/is-date-object 249ms (cache miss)
1475 silly packumentCache full:https://registry.npmjs.org/is-date-object set size:undefined disposed:false
1476 silly fetch manifest es-abstract-get@^1.0.0
1477 silly packumentCache full:https://registry.npmjs.org/es-abstract-get cache-miss
1478 http fetch GET 200 https://registry.npmjs.org/is-symbol 255ms (cache miss)
1479 silly packumentCache full:https://registry.npmjs.org/is-symbol set size:undefined disposed:false
1480 silly fetch manifest is-document.all@^1.0.0
1481 silly packumentCache full:https://registry.npmjs.org/is-document.all cache-miss
1482 http fetch GET 200 https://registry.npmjs.org/possible-typed-array-names 273ms (cache miss)
1483 silly packumentCache full:https://registry.npmjs.org/possible-typed-array-names set size:undefined disposed:false
1484 silly fetch manifest functions-have-names@^1.2.3
1485 silly packumentCache full:https://registry.npmjs.org/functions-have-names cache-miss
1486 http fetch GET 200 https://registry.npmjs.org/es-abstract-get 117ms (cache miss)
1487 silly packumentCache full:https://registry.npmjs.org/es-abstract-get set size:undefined disposed:false
1488 silly fetch manifest dunder-proto@^1.0.1
1489 silly packumentCache full:https://registry.npmjs.org/dunder-proto cache-miss
1490 http fetch GET 200 https://registry.npmjs.org/functions-have-names 111ms (cache miss)
1491 silly packumentCache full:https://registry.npmjs.org/functions-have-names set size:undefined disposed:false
1492 silly fetch manifest dunder-proto@^1.0.0
1493 silly packumentCache full:https://registry.npmjs.org/dunder-proto cache-miss
1494 http fetch GET 200 https://registry.npmjs.org/is-document.all 117ms (cache miss)
1495 silly packumentCache full:https://registry.npmjs.org/is-document.all set size:undefined disposed:false
1496 silly fetch manifest side-channel@^1.1.0
1497 silly packumentCache full:https://registry.npmjs.org/side-channel cache-miss
1498 http fetch GET 200 https://registry.npmjs.org/dunder-proto 61ms (cache miss)
1499 silly packumentCache full:https://registry.npmjs.org/dunder-proto set size:undefined disposed:false
1500 silly fetch manifest is-typed-array@^1.1.13
1501 silly packumentCache full:https://registry.npmjs.org/is-typed-array cache-miss
1502 http fetch GET 200 https://registry.npmjs.org/side-channel 63ms (cache miss)
1503 silly packumentCache full:https://registry.npmjs.org/side-channel set size:undefined disposed:false
1504 silly fetch manifest which-typed-array@^1.1.16
1505 silly packumentCache full:https://registry.npmjs.org/which-typed-array cache-miss
1506 http fetch GET 200 https://registry.npmjs.org/dunder-proto 71ms (cache miss)
1507 silly packumentCache full:https://registry.npmjs.org/dunder-proto set size:undefined disposed:false
1508 silly fetch manifest set-function-name@^2.0.2
1509 silly packumentCache full:https://registry.npmjs.org/set-function-name cache-miss
1510 http cache https://registry.npmjs.org/is-typed-array 14ms (cache hit)
1511 silly packumentCache full:https://registry.npmjs.org/is-typed-array set size:79965 disposed:false
1512 silly fetch manifest isarray@^2.0.5
1513 silly packumentCache full:https://registry.npmjs.org/isarray cache-miss
1514 http cache https://registry.npmjs.org/which-typed-array 12ms (cache hit)
1515 silly packumentCache full:https://registry.npmjs.org/which-typed-array set size:109574 disposed:false
1516 silly fetch manifest isarray@^2.0.5
1517 silly packumentCache full:https://registry.npmjs.org/isarray cache-miss
1518 http fetch GET 200 https://registry.npmjs.org/set-function-name 56ms (cache miss)
1519 silly packumentCache full:https://registry.npmjs.org/set-function-name set size:undefined disposed:false
1520 silly fetch manifest for-each@^0.3.3
1521 silly packumentCache full:https://registry.npmjs.org/for-each cache-miss
1522 http fetch GET 200 https://registry.npmjs.org/isarray 61ms (cache miss)
1523 silly packumentCache full:https://registry.npmjs.org/isarray set size:undefined disposed:false
1524 silly fetch manifest for-each@^0.3.5
1525 silly packumentCache full:https://registry.npmjs.org/for-each cache-miss
1526 http fetch GET 200 https://registry.npmjs.org/isarray 64ms (cache miss)
1527 silly packumentCache full:https://registry.npmjs.org/isarray set size:undefined disposed:false
1528 silly fetch manifest reflect.getprototypeof@^1.0.10
1529 silly packumentCache full:https://registry.npmjs.org/reflect.getprototypeof cache-miss
1530 http fetch GET 200 https://registry.npmjs.org/for-each 91ms (cache miss)
1531 silly packumentCache full:https://registry.npmjs.org/for-each set size:undefined disposed:false
1532 silly fetch manifest for-each@^0.3.5
1533 silly packumentCache full:https://registry.npmjs.org/for-each cache-miss
1534 http fetch GET 200 https://registry.npmjs.org/for-each 81ms (cache miss)
1535 silly packumentCache full:https://registry.npmjs.org/for-each set size:undefined disposed:false
1536 silly fetch manifest possible-typed-array-names@^1.1.0
1537 silly packumentCache full:https://registry.npmjs.org/possible-typed-array-names cache-miss
1538 http fetch GET 200 https://registry.npmjs.org/reflect.getprototypeof 76ms (cache miss)
1539 silly packumentCache full:https://registry.npmjs.org/reflect.getprototypeof set size:undefined disposed:false
1540 silly fetch manifest has-bigints@^1.0.2
1541 silly packumentCache full:https://registry.npmjs.org/has-bigints cache-miss
1542 http cache https://registry.npmjs.org/for-each 13ms (cache hit)
1543 silly packumentCache full:https://registry.npmjs.org/for-each set size:14327 disposed:false
1544 silly fetch manifest which-boxed-primitive@^1.1.1
1545 silly packumentCache full:https://registry.npmjs.org/which-boxed-primitive cache-miss
1546 http cache https://registry.npmjs.org/possible-typed-array-names 13ms (cache hit)
1547 silly packumentCache full:https://registry.npmjs.org/possible-typed-array-names set size:9167 disposed:false
1548 http fetch GET 200 https://registry.npmjs.org/has-bigints 165ms (cache miss)
1549 silly packumentCache full:https://registry.npmjs.org/has-bigints set size:undefined disposed:false
1550 http fetch GET 200 https://registry.npmjs.org/which-boxed-primitive 158ms (cache miss)
1551 silly packumentCache full:https://registry.npmjs.org/which-boxed-primitive set size:undefined disposed:false
1552 silly placeDep ROOT possible-typed-array-names@1.1.0 OK for: available-typed-arrays@1.0.7 want: ^1.0.0
1553 silly placeDep ROOT has-tostringtag@1.0.2 OK for: es-set-tostringtag@2.1.0 want: ^1.0.2
1554 silly placeDep ROOT es-abstract-get@1.0.0 OK for: es-to-primitive@1.3.4 want: ^1.0.0
1555 silly placeDep ROOT is-date-object@1.1.0 OK for: es-to-primitive@1.3.4 want: ^1.1.0
1556 silly placeDep ROOT is-symbol@1.1.1 OK for: es-to-primitive@1.3.4 want: ^1.1.1
1557 silly placeDep node_modules/eslint-module-utils debug@3.2.7 OK for: eslint-module-utils@2.14.0 want: ^3.2.7
1558 silly placeDep ROOT aria-query@5.3.2 OK for: eslint-plugin-jsx-a11y@6.10.2 want: ^5.3.2
1559 silly placeDep ROOT ast-types-flow@0.0.8 OK for: eslint-plugin-jsx-a11y@6.10.2 want: ^0.0.8
1560 silly placeDep ROOT axe-core@4.13.0 OK for: eslint-plugin-jsx-a11y@6.10.2 want: ^4.10.0
1561 silly placeDep ROOT axobject-query@4.1.0 OK for: eslint-plugin-jsx-a11y@6.10.2 want: ^4.1.0
1562 silly placeDep ROOT damerau-levenshtein@1.0.8 OK for: eslint-plugin-jsx-a11y@6.10.2 want: ^1.0.8
1563 silly placeDep ROOT emoji-regex@9.2.2 OK for: eslint-plugin-jsx-a11y@6.10.2 want: ^9.2.2
1564 silly placeDep ROOT jsx-ast-utils@3.3.5 OK for: eslint-plugin-jsx-a11y@6.10.2 want: ^3.3.5
1565 silly placeDep ROOT language-tags@1.0.9 OK for: eslint-plugin-jsx-a11y@6.10.2 want: ^1.0.9
1566 silly placeDep ROOT string.prototype.includes@2.0.1 OK for: eslint-plugin-jsx-a11y@6.10.2 want: ^2.0.1
1567 silly fetch manifest language-subtag-registry@^0.3.20
1568 silly packumentCache full:https://registry.npmjs.org/language-subtag-registry cache-miss
1569 http fetch GET 200 https://registry.npmjs.org/language-subtag-registry 69ms (cache miss)
1570 silly packumentCache full:https://registry.npmjs.org/language-subtag-registry set size:undefined disposed:false
1571 silly placeDep ROOT array.prototype.findlast@1.2.5 OK for: eslint-plugin-react@7.37.5 want: ^1.2.5
1572 silly placeDep ROOT array.prototype.tosorted@1.1.4 OK for: eslint-plugin-react@7.37.5 want: ^1.1.4
1573 silly placeDep ROOT es-iterator-helpers@1.4.0 OK for: eslint-plugin-react@7.37.5 want: ^1.2.1
1574 silly placeDep ROOT estraverse@5.3.0 OK for: eslint-plugin-react@7.37.5 want: ^5.3.0
1575 silly placeDep ROOT object.entries@1.1.9 OK for: eslint-plugin-react@7.37.5 want: ^1.1.9
1576 silly placeDep ROOT prop-types@15.8.1 OK for: eslint-plugin-react@7.37.5 want: ^15.8.1
1577 silly placeDep node_modules/eslint-plugin-react semver@6.3.1 OK for: eslint-plugin-react@7.37.5 want: ^6.3.1
1578 silly placeDep ROOT string.prototype.matchall@4.1.0 OK for: eslint-plugin-react@7.37.5 want: ^4.0.12
1579 silly placeDep ROOT string.prototype.repeat@1.0.0 OK for: eslint-plugin-react@7.37.5 want: ^1.0.0
1580 silly fetch manifest iterator.prototype@^1.1.5
1581 silly packumentCache full:https://registry.npmjs.org/iterator.prototype cache-miss
1582 silly fetch manifest loose-envify@^1.4.0
1583 silly packumentCache full:https://registry.npmjs.org/loose-envify cache-miss
1584 silly fetch manifest object-assign@^4.1.1
1585 silly packumentCache full:https://registry.npmjs.org/object-assign cache-miss
1586 http fetch GET 200 https://registry.npmjs.org/iterator.prototype 60ms (cache miss)
1587 silly packumentCache full:https://registry.npmjs.org/iterator.prototype set size:undefined disposed:false
1588 silly fetch manifest react-is@^16.13.1
1589 silly packumentCache full:https://registry.npmjs.org/react-is cache-miss
1590 http fetch GET 200 https://registry.npmjs.org/loose-envify 64ms (cache miss)
1591 silly packumentCache full:https://registry.npmjs.org/loose-envify set size:undefined disposed:false
1592 silly fetch manifest side-channel@^1.1.1
1593 silly packumentCache full:https://registry.npmjs.org/side-channel cache-miss
1594 http cache https://registry.npmjs.org/side-channel 9ms (cache hit)
1595 silly packumentCache full:https://registry.npmjs.org/side-channel set size:27650 disposed:false
1596 http fetch GET 200 https://registry.npmjs.org/object-assign 76ms (cache miss)
1597 silly packumentCache full:https://registry.npmjs.org/object-assign set size:undefined disposed:false
1598 http fetch GET 200 https://registry.npmjs.org/react-is 396ms (cache miss)
1599 silly packumentCache full:https://registry.npmjs.org/react-is set size:undefined disposed:false
1600 silly placeDep ROOT iterator.prototype@1.1.5 OK for: es-iterator-helpers@1.4.0 want: ^1.1.5
1601 silly placeDep ROOT esrecurse@4.3.0 OK for: eslint-scope@8.4.0 want: ^4.3.0
1602 silly placeDep ROOT acorn@8.18.0 OK for: espree@10.4.0 want: ^8.15.0
1603 silly placeDep ROOT acorn-jsx@5.3.2 OK for: espree@10.4.0 want: ^5.3.2
1604 silly placeDep ROOT @nodelib/fs.stat@2.0.5 OK for: fast-glob@3.3.1 want: ^2.0.2
1605 silly placeDep ROOT @nodelib/fs.walk@1.2.8 OK for: fast-glob@3.3.1 want: ^1.2.3
1606 silly placeDep node_modules/fast-glob glob-parent@5.1.2 OK for: fast-glob@3.3.1 want: ^5.1.2
1607 silly placeDep ROOT merge2@1.4.1 OK for: fast-glob@3.3.1 want: ^1.3.0
1608 silly placeDep ROOT micromatch@4.0.8 OK for: fast-glob@3.3.1 want: ^4.0.4
1609 silly fetch manifest fastq@^1.6.0
1610 silly packumentCache full:https://registry.npmjs.org/fastq cache-miss
1611 silly fetch manifest @nodelib/fs.scandir@2.1.5
1612 silly packumentCache full:https://registry.npmjs.org/@nodelib%2ffs.scandir cache-miss
1613 silly fetch manifest braces@^3.0.3
1614 silly packumentCache full:https://registry.npmjs.org/braces cache-miss
1615 http fetch GET 200 https://registry.npmjs.org/fastq 69ms (cache miss)
1616 silly packumentCache full:https://registry.npmjs.org/fastq set size:undefined disposed:false
1617 silly fetch manifest picomatch@^2.3.1
1618 silly packumentCache full:https://registry.npmjs.org/picomatch cache-miss
1619 http fetch GET 200 https://registry.npmjs.org/braces 74ms (cache miss)
1620 silly packumentCache full:https://registry.npmjs.org/braces set size:undefined disposed:false
1621 http fetch GET 200 https://registry.npmjs.org/@nodelib%2ffs.scandir 82ms (cache miss)
1622 silly packumentCache full:https://registry.npmjs.org/@nodelib%2ffs.scandir set size:undefined disposed:false
1623 http cache https://registry.npmjs.org/picomatch 11ms (cache hit)
1624 silly packumentCache full:https://registry.npmjs.org/picomatch set size:134451 disposed:false
1625 silly placeDep ROOT @nodelib/fs.scandir@2.1.5 OK for: @nodelib/fs.walk@1.2.8 want: 2.1.5
1626 silly placeDep ROOT fastq@1.20.3 OK for: @nodelib/fs.walk@1.2.8 want: ^1.6.0
1627 silly fetch manifest run-parallel@^1.1.9
1628 silly packumentCache full:https://registry.npmjs.org/run-parallel cache-miss
1629 silly fetch manifest reusify@^1.0.4
1630 silly packumentCache full:https://registry.npmjs.org/reusify cache-miss
1631 http fetch GET 200 https://registry.npmjs.org/reusify 100ms (cache miss)
1632 silly packumentCache full:https://registry.npmjs.org/reusify set size:undefined disposed:false
1633 http fetch GET 200 https://registry.npmjs.org/run-parallel 102ms (cache miss)
1634 silly packumentCache full:https://registry.npmjs.org/run-parallel set size:undefined disposed:false
1635 silly placeDep ROOT run-parallel@1.2.0 OK for: @nodelib/fs.scandir@2.1.5 want: ^1.1.9
1636 silly fetch manifest queue-microtask@^1.2.2
1637 silly packumentCache full:https://registry.npmjs.org/queue-microtask cache-miss
1638 http fetch GET 200 https://registry.npmjs.org/queue-microtask 112ms (cache miss)
1639 silly packumentCache full:https://registry.npmjs.org/queue-microtask set size:undefined disposed:false
1640 silly placeDep ROOT reusify@1.1.0 OK for: fastq@1.20.3 want: ^1.0.4
1641 silly placeDep ROOT flat-cache@4.0.1 OK for: file-entry-cache@8.0.0 want: ^4.0.0
1642 silly fetch manifest keyv@^4.5.4
1643 silly packumentCache full:https://registry.npmjs.org/keyv cache-miss
1644 silly fetch manifest flatted@^3.2.9
1645 silly packumentCache full:https://registry.npmjs.org/flatted cache-miss
1646 http fetch GET 200 https://registry.npmjs.org/flatted 115ms (cache miss)
1647 silly packumentCache full:https://registry.npmjs.org/flatted set size:undefined disposed:false
1648 http fetch GET 200 https://registry.npmjs.org/keyv 119ms (cache miss)
1649 silly packumentCache full:https://registry.npmjs.org/keyv set size:undefined disposed:false
1650 silly placeDep ROOT locate-path@6.0.0 OK for: find-up@5.0.0 want: ^6.0.0
1651 silly placeDep ROOT path-exists@4.0.0 OK for: find-up@5.0.0 want: ^4.0.0
1652 silly fetch manifest p-locate@^5.0.0
1653 silly packumentCache full:https://registry.npmjs.org/p-locate cache-miss
1654 http fetch GET 200 https://registry.npmjs.org/p-locate 70ms (cache miss)
1655 silly packumentCache full:https://registry.npmjs.org/p-locate set size:undefined disposed:false
1656 silly placeDep ROOT flatted@3.4.4 OK for: flat-cache@4.0.1 want: ^3.2.9
1657 silly placeDep ROOT keyv@4.5.4 OK for: flat-cache@4.0.1 want: ^4.5.4
1658 silly fetch manifest json-buffer@3.0.1
1659 silly packumentCache full:https://registry.npmjs.org/json-buffer cache-miss
1660 http fetch GET 200 https://registry.npmjs.org/json-buffer 92ms (cache miss)
1661 silly packumentCache full:https://registry.npmjs.org/json-buffer set size:undefined disposed:false
1662 silly placeDep ROOT functions-have-names@1.2.3 OK for: function.prototype.name@1.2.0 want: ^1.2.3
1663 silly placeDep ROOT is-document.all@1.0.0 OK for: function.prototype.name@1.2.0 want: ^1.0.0
1664 silly placeDep ROOT dunder-proto@1.0.1 OK for: get-proto@1.0.1 want: ^1.0.1
1665 silly placeDep ROOT resolve-pkg-maps@1.0.0 OK for: get-tsconfig@4.14.3 want: ^1.0.0
1666 silly placeDep ROOT parent-module@1.0.1 OK for: import-fresh@3.3.1 want: ^1.0.0
1667 silly placeDep ROOT resolve-from@4.0.0 OK for: import-fresh@3.3.1 want: ^4.0.0
1668 silly fetch manifest callsites@^3.0.0
1669 silly packumentCache full:https://registry.npmjs.org/callsites cache-miss
1670 http fetch GET 200 https://registry.npmjs.org/callsites 58ms (cache miss)
1671 silly packumentCache full:https://registry.npmjs.org/callsites set size:undefined disposed:false
1672 silly placeDep ROOT side-channel@1.1.1 OK for: internal-slot@1.1.0 want: ^1.1.0
1673 silly fetch manifest side-channel-list@^1.0.1
1674 silly packumentCache full:https://registry.npmjs.org/side-channel-list cache-miss
1675 silly fetch manifest side-channel-map@^1.0.1
1676 silly packumentCache full:https://registry.npmjs.org/side-channel-map cache-miss
1677 silly fetch manifest side-channel-weakmap@^1.0.2
1678 silly packumentCache full:https://registry.npmjs.org/side-channel-weakmap cache-miss
1679 http fetch GET 200 https://registry.npmjs.org/side-channel-list 70ms (cache miss)
1680 silly packumentCache full:https://registry.npmjs.org/side-channel-list set size:undefined disposed:false
1681 http fetch GET 200 https://registry.npmjs.org/side-channel-weakmap 70ms (cache miss)
1682 silly packumentCache full:https://registry.npmjs.org/side-channel-weakmap set size:undefined disposed:false
1683 http fetch GET 200 https://registry.npmjs.org/side-channel-map 74ms (cache miss)
1684 silly packumentCache full:https://registry.npmjs.org/side-channel-map set size:undefined disposed:false
1685 silly placeDep ROOT is-extglob@2.1.1 OK for: is-glob@4.0.3 want: ^2.1.1
1686 silly placeDep ROOT set-function-name@2.0.2 OK for: iterator.prototype@1.1.5 want: ^2.0.2
1687 silly placeDep ROOT argparse@2.0.1 OK for: js-yaml@4.3.2 want: ^2.0.1
1688 silly placeDep ROOT json-buffer@3.0.1 OK for: keyv@4.5.4 want: 3.0.1
1689 silly placeDep ROOT language-subtag-registry@0.3.23 OK for: language-tags@1.0.9 want: ^0.3.20
1690 silly placeDep ROOT prelude-ls@1.2.1 OK for: levn@0.4.1 want: ^1.2.1
1691 silly placeDep ROOT type-check@0.4.0 OK for: levn@0.4.1 want: ~0.4.0
1692 silly placeDep ROOT p-locate@5.0.0 OK for: locate-path@6.0.0 want: ^5.0.0
1693 silly fetch manifest p-limit@^3.0.2
1694 silly packumentCache full:https://registry.npmjs.org/p-limit cache-miss
1695 http fetch GET 200 https://registry.npmjs.org/p-limit 66ms (cache miss)
1696 silly packumentCache full:https://registry.npmjs.org/p-limit set size:undefined disposed:false
1697 silly placeDep ROOT braces@3.0.3 OK for: micromatch@4.0.8 want: ^3.0.3
1698 silly placeDep ROOT picomatch@2.3.2 OK for: micromatch@4.0.8 want: ^2.3.1
1699 silly fetch manifest fill-range@^7.1.1
1700 silly packumentCache full:https://registry.npmjs.org/fill-range cache-miss
1701 http fetch GET 200 https://registry.npmjs.org/fill-range 63ms (cache miss)
1702 silly packumentCache full:https://registry.npmjs.org/fill-range set size:undefined disposed:false
1703 silly placeDep ROOT fill-range@7.1.1 OK for: braces@3.0.3 want: ^7.1.1
1704 silly fetch manifest to-regex-range@^5.0.1
1705 silly packumentCache full:https://registry.npmjs.org/to-regex-range cache-miss
1706 http fetch GET 200 https://registry.npmjs.org/to-regex-range 75ms (cache miss)
1707 silly packumentCache full:https://registry.npmjs.org/to-regex-range set size:undefined disposed:false
1708 silly placeDep ROOT to-regex-range@5.0.1 OK for: fill-range@7.1.1 want: ^5.0.1
1709 silly fetch manifest is-number@^7.0.0
1710 silly packumentCache full:https://registry.npmjs.org/is-number cache-miss
1711 http fetch GET 200 https://registry.npmjs.org/is-number 178ms (cache miss)
1712 silly packumentCache full:https://registry.npmjs.org/is-number set size:undefined disposed:false
1713 silly placeDep ROOT brace-expansion@1.1.21 OK for: minimatch@3.1.5 want: ^1.1.7
1714 silly fetch manifest concat-map@0.0.1
1715 silly packumentCache full:https://registry.npmjs.org/concat-map cache-miss
1716 silly fetch manifest balanced-match@^1.0.0
1717 silly packumentCache full:https://registry.npmjs.org/balanced-match cache-miss
1718 http fetch GET 200 https://registry.npmjs.org/concat-map 271ms (cache miss)
1719 silly packumentCache full:https://registry.npmjs.org/concat-map set size:undefined disposed:false
1720 http fetch GET 200 https://registry.npmjs.org/balanced-match 271ms (cache miss)
1721 silly packumentCache full:https://registry.npmjs.org/balanced-match set size:undefined disposed:false
1722 silly placeDep ROOT balanced-match@1.0.2 OK for: brace-expansion@1.1.21 want: ^1.0.0
1723 silly placeDep ROOT concat-map@0.0.1 OK for: brace-expansion@1.1.21 want: 0.0.1
1724 silly fetch manifest react@^18.2.0 || 19.0.0-rc-de68d2f4-20241204 || ^19.0.0
1725 silly packumentCache full:https://registry.npmjs.org/react cache-miss
1726 http cache https://registry.npmjs.org/react 24ms (cache hit)
1727 silly packumentCache full:https://registry.npmjs.org/react set size:7006748 disposed:false
1728 silly placeDep ROOT @next/env@15.5.26 OK for: next@15.5.26 want: 15.5.26
1729 silly placeDep ROOT @next/swc-darwin-arm64@15.5.26 OK for: next@15.5.26 want: 15.5.26
1730 silly placeDep ROOT @next/swc-darwin-x64@15.5.26 OK for: next@15.5.26 want: 15.5.26
1731 silly placeDep ROOT @next/swc-linux-arm64-gnu@15.5.26 OK for: next@15.5.26 want: 15.5.26
1732 silly placeDep ROOT @next/swc-linux-arm64-musl@15.5.26 OK for: next@15.5.26 want: 15.5.26
1733 silly placeDep ROOT @next/swc-linux-x64-gnu@15.5.26 OK for: next@15.5.26 want: 15.5.26
1734 silly placeDep ROOT @next/swc-linux-x64-musl@15.5.26 OK for: next@15.5.26 want: 15.5.26
1735 silly placeDep ROOT @next/swc-win32-arm64-msvc@15.5.26 OK for: next@15.5.26 want: 15.5.26
1736 silly placeDep ROOT @next/swc-win32-x64-msvc@15.5.26 OK for: next@15.5.26 want: 15.5.26
1737 silly placeDep ROOT @swc/helpers@0.5.15 OK for: next@15.5.26 want: 0.5.15
1738 silly placeDep ROOT caniuse-lite@1.0.30001812 OK for: next@15.5.26 want: ^1.0.30001579
1739 silly placeDep ROOT postcss@8.4.31 OK for: next@15.5.26 want: 8.4.31
1740 silly placeDep ROOT sharp@0.35.4 OK for: next@15.5.26 want: ^0.34.3 || ^0.35.4
1741 silly placeDep ROOT styled-jsx@5.1.6 OK for: next@15.5.26 want: 5.1.6
1742 silly fetch manifest nanoid@^3.3.6
1743 silly packumentCache full:https://registry.npmjs.org/nanoid cache-miss
1744 silly fetch manifest picocolors@^1.0.0
1745 silly packumentCache full:https://registry.npmjs.org/picocolors cache-miss
1746 silly fetch manifest source-map-js@^1.0.2
1747 silly packumentCache full:https://registry.npmjs.org/source-map-js cache-miss
1748 http fetch GET 200 https://registry.npmjs.org/picocolors 65ms (cache miss)
1749 silly packumentCache full:https://registry.npmjs.org/picocolors set size:undefined disposed:false
1750 silly fetch manifest @img/colour@^1.1.0
1751 silly packumentCache full:https://registry.npmjs.org/@img%2fcolour cache-miss
1752 http fetch GET 200 https://registry.npmjs.org/nanoid 82ms (cache miss)
1753 silly packumentCache full:https://registry.npmjs.org/nanoid set size:undefined disposed:false
1754 silly fetch manifest detect-libc@^2.1.2
1755 silly packumentCache full:https://registry.npmjs.org/detect-libc cache-miss
1756 http fetch GET 200 https://registry.npmjs.org/source-map-js 93ms (cache miss)
1757 silly packumentCache full:https://registry.npmjs.org/source-map-js set size:undefined disposed:false
1758 silly fetch manifest @img/sharp-linux-arm@0.35.4
1759 silly packumentCache full:https://registry.npmjs.org/@img%2fsharp-linux-arm cache-miss
1760 http fetch GET 200 https://registry.npmjs.org/@img%2fcolour 117ms (cache miss)
1761 silly packumentCache full:https://registry.npmjs.org/@img%2fcolour set size:undefined disposed:false
1762 silly fetch manifest @img/sharp-linux-x64@0.35.4
1763 silly packumentCache full:https://registry.npmjs.org/@img%2fsharp-linux-x64 cache-miss
1764 http fetch GET 200 https://registry.npmjs.org/detect-libc 102ms (cache miss)
1765 silly packumentCache full:https://registry.npmjs.org/detect-libc set size:undefined disposed:false
1766 silly fetch manifest @img/sharp-win32-x64@0.35.4
1767 silly packumentCache full:https://registry.npmjs.org/@img%2fsharp-win32-x64 cache-miss
1768 http fetch GET 200 https://registry.npmjs.org/@img%2fsharp-linux-arm 95ms (cache miss)
1769 silly packumentCache full:https://registry.npmjs.org/@img%2fsharp-linux-arm set size:undefined disposed:false
1770 silly fetch manifest @img/sharp-darwin-x64@0.35.4
1771 silly packumentCache full:https://registry.npmjs.org/@img%2fsharp-darwin-x64 cache-miss
1772 http fetch GET 200 https://registry.npmjs.org/@img%2fsharp-linux-x64 76ms (cache miss)
1773 silly packumentCache full:https://registry.npmjs.org/@img%2fsharp-linux-x64 set size:undefined disposed:false
1774 silly fetch manifest @img/sharp-win32-ia32@0.35.4
1775 silly packumentCache full:https://registry.npmjs.org/@img%2fsharp-win32-ia32 cache-miss
1776 http fetch GET 200 https://registry.npmjs.org/@img%2fsharp-win32-x64 74ms (cache miss)
1777 silly packumentCache full:https://registry.npmjs.org/@img%2fsharp-win32-x64 set size:undefined disposed:false
1778 silly fetch manifest @img/sharp-linux-arm64@0.35.4
1779 silly packumentCache full:https://registry.npmjs.org/@img%2fsharp-linux-arm64 cache-miss
1780 http fetch GET 200 https://registry.npmjs.org/@img%2fsharp-linux-arm64 72ms (cache miss)
1781 silly packumentCache full:https://registry.npmjs.org/@img%2fsharp-linux-arm64 set size:undefined disposed:false
1782 silly fetch manifest @img/sharp-linux-ppc64@0.35.4
1783 silly packumentCache full:https://registry.npmjs.org/@img%2fsharp-linux-ppc64 cache-miss
1784 http fetch GET 200 https://registry.npmjs.org/@img%2fsharp-win32-ia32 80ms (cache miss)
1785 silly packumentCache full:https://registry.npmjs.org/@img%2fsharp-win32-ia32 set size:undefined disposed:false
1786 silly fetch manifest @img/sharp-linux-s390x@0.35.4
1787 silly packumentCache full:https://registry.npmjs.org/@img%2fsharp-linux-s390x cache-miss
1788 http fetch GET 200 https://registry.npmjs.org/@img%2fsharp-linux-ppc64 72ms (cache miss)
1789 silly packumentCache full:https://registry.npmjs.org/@img%2fsharp-linux-ppc64 set size:undefined disposed:false
1790 silly fetch manifest @img/sharp-win32-arm64@0.35.4
1791 silly packumentCache full:https://registry.npmjs.org/@img%2fsharp-win32-arm64 cache-miss
1792 http fetch GET 200 https://registry.npmjs.org/@img%2fsharp-linux-s390x 141ms (cache miss)
1793 silly packumentCache full:https://registry.npmjs.org/@img%2fsharp-linux-s390x set size:undefined disposed:false
1794 silly fetch manifest @img/sharp-darwin-arm64@0.35.4
1795 silly packumentCache full:https://registry.npmjs.org/@img%2fsharp-darwin-arm64 cache-miss
1796 http fetch GET 200 https://registry.npmjs.org/@img%2fsharp-win32-arm64 72ms (cache miss)
1797 silly packumentCache full:https://registry.npmjs.org/@img%2fsharp-win32-arm64 set size:undefined disposed:false
1798 silly fetch manifest @img/sharp-linux-riscv64@0.35.4
1799 silly packumentCache full:https://registry.npmjs.org/@img%2fsharp-linux-riscv64 cache-miss
1800 http fetch GET 200 https://registry.npmjs.org/@img%2fsharp-darwin-x64 299ms (cache miss)
1801 silly packumentCache full:https://registry.npmjs.org/@img%2fsharp-darwin-x64 set size:undefined disposed:false
1802 silly fetch manifest @img/sharp-linuxmusl-x64@0.35.4
1803 silly packumentCache full:https://registry.npmjs.org/@img%2fsharp-linuxmusl-x64 cache-miss
1804 http fetch GET 200 https://registry.npmjs.org/@img%2fsharp-linux-riscv64 280ms (cache miss)
1805 silly packumentCache full:https://registry.npmjs.org/@img%2fsharp-linux-riscv64 set size:undefined disposed:false
1806 silly fetch manifest @img/sharp-freebsd-wasm32@0.35.4
1807 silly packumentCache full:https://registry.npmjs.org/@img%2fsharp-freebsd-wasm32 cache-miss
1808 http fetch GET 200 https://registry.npmjs.org/@img%2fsharp-darwin-arm64 286ms (cache miss)
1809 silly packumentCache full:https://registry.npmjs.org/@img%2fsharp-darwin-arm64 set size:undefined disposed:false
1810 silly fetch manifest @img/sharp-linuxmusl-arm64@0.35.4
1811 silly packumentCache full:https://registry.npmjs.org/@img%2fsharp-linuxmusl-arm64 cache-miss
1812 http fetch GET 200 https://registry.npmjs.org/@img%2fsharp-linuxmusl-x64 284ms (cache miss)
1813 silly packumentCache full:https://registry.npmjs.org/@img%2fsharp-linuxmusl-x64 set size:undefined disposed:false
1814 silly fetch manifest @img/sharp-libvips-linux-arm@1.3.3
1815 silly packumentCache full:https://registry.npmjs.org/@img%2fsharp-libvips-linux-arm cache-miss
1816 http fetch GET 200 https://registry.npmjs.org/@img%2fsharp-freebsd-wasm32 69ms (cache miss)
1817 silly packumentCache full:https://registry.npmjs.org/@img%2fsharp-freebsd-wasm32 set size:undefined disposed:false
1818 silly fetch manifest @img/sharp-libvips-linux-x64@1.3.3
1819 silly packumentCache full:https://registry.npmjs.org/@img%2fsharp-libvips-linux-x64 cache-miss
1820 http fetch GET 200 https://registry.npmjs.org/@img%2fsharp-linuxmusl-arm64 76ms (cache miss)
1821 silly packumentCache full:https://registry.npmjs.org/@img%2fsharp-linuxmusl-arm64 set size:undefined disposed:false
1822 silly fetch manifest @img/sharp-libvips-darwin-x64@1.3.3
1823 silly packumentCache full:https://registry.npmjs.org/@img%2fsharp-libvips-darwin-x64 cache-miss
1824 http fetch GET 200 https://registry.npmjs.org/@img%2fsharp-libvips-linux-arm 86ms (cache miss)
1825 silly packumentCache full:https://registry.npmjs.org/@img%2fsharp-libvips-linux-arm set size:undefined disposed:false
1826 silly fetch manifest @img/sharp-libvips-linux-arm64@1.3.3
1827 silly packumentCache full:https://registry.npmjs.org/@img%2fsharp-libvips-linux-arm64 cache-miss
1828 http fetch GET 200 https://registry.npmjs.org/@img%2fsharp-libvips-darwin-x64 90ms (cache miss)
1829 silly packumentCache full:https://registry.npmjs.org/@img%2fsharp-libvips-darwin-x64 set size:undefined disposed:false
1830 silly fetch manifest @img/sharp-libvips-linux-ppc64@1.3.3
1831 silly packumentCache full:https://registry.npmjs.org/@img%2fsharp-libvips-linux-ppc64 cache-miss
1832 http fetch GET 200 https://registry.npmjs.org/@img%2fsharp-libvips-linux-x64 106ms (cache miss)
1833 silly packumentCache full:https://registry.npmjs.org/@img%2fsharp-libvips-linux-x64 set size:undefined disposed:false
1834 silly fetch manifest @img/sharp-libvips-linux-s390x@1.3.3
1835 silly packumentCache full:https://registry.npmjs.org/@img%2fsharp-libvips-linux-s390x cache-miss
1836 http fetch GET 200 https://registry.npmjs.org/@img%2fsharp-libvips-linux-arm64 92ms (cache miss)
1837 silly packumentCache full:https://registry.npmjs.org/@img%2fsharp-libvips-linux-arm64 set size:undefined disposed:false
1838 silly fetch manifest @img/sharp-libvips-darwin-arm64@1.3.3
1839 silly packumentCache full:https://registry.npmjs.org/@img%2fsharp-libvips-darwin-arm64 cache-miss
1840 http fetch GET 200 https://registry.npmjs.org/@img%2fsharp-libvips-linux-ppc64 76ms (cache miss)
1841 silly packumentCache full:https://registry.npmjs.org/@img%2fsharp-libvips-linux-ppc64 set size:undefined disposed:false
1842 silly fetch manifest @img/sharp-webcontainers-wasm32@0.35.4
1843 silly packumentCache full:https://registry.npmjs.org/@img%2fsharp-webcontainers-wasm32 cache-miss
1844 http fetch GET 200 https://registry.npmjs.org/@img%2fsharp-libvips-linux-s390x 88ms (cache miss)
1845 silly packumentCache full:https://registry.npmjs.org/@img%2fsharp-libvips-linux-s390x set size:undefined disposed:false
1846 silly fetch manifest @img/sharp-libvips-linux-riscv64@1.3.3
1847 silly packumentCache full:https://registry.npmjs.org/@img%2fsharp-libvips-linux-riscv64 cache-miss
1848 http fetch GET 200 https://registry.npmjs.org/@img%2fsharp-libvips-darwin-arm64 97ms (cache miss)
1849 silly packumentCache full:https://registry.npmjs.org/@img%2fsharp-libvips-darwin-arm64 set size:undefined disposed:false
1850 silly fetch manifest @img/sharp-libvips-linuxmusl-x64@1.3.3
1851 silly packumentCache full:https://registry.npmjs.org/@img%2fsharp-libvips-linuxmusl-x64 cache-miss
1852 http fetch GET 200 https://registry.npmjs.org/@img%2fsharp-webcontainers-wasm32 73ms (cache miss)
1853 silly packumentCache full:https://registry.npmjs.org/@img%2fsharp-webcontainers-wasm32 set size:undefined disposed:false
1854 silly fetch manifest @img/sharp-libvips-linuxmusl-arm64@1.3.3
1855 silly packumentCache full:https://registry.npmjs.org/@img%2fsharp-libvips-linuxmusl-arm64 cache-miss
1856 http fetch GET 200 https://registry.npmjs.org/@img%2fsharp-libvips-linux-riscv64 78ms (cache miss)
1857 silly packumentCache full:https://registry.npmjs.org/@img%2fsharp-libvips-linux-riscv64 set size:undefined disposed:false
1858 silly fetch manifest client-only@0.0.1
1859 silly packumentCache full:https://registry.npmjs.org/client-only cache-miss
1860 http fetch GET 200 https://registry.npmjs.org/@img%2fsharp-libvips-linuxmusl-arm64 72ms (cache miss)
1861 silly packumentCache full:https://registry.npmjs.org/@img%2fsharp-libvips-linuxmusl-arm64 set size:undefined disposed:false
1862 http fetch GET 200 https://registry.npmjs.org/client-only 63ms (cache miss)
1863 silly packumentCache full:https://registry.npmjs.org/client-only set size:undefined disposed:false
1864 http fetch GET 200 https://registry.npmjs.org/@img%2fsharp-libvips-linuxmusl-x64 278ms (cache miss)
1865 silly packumentCache full:https://registry.npmjs.org/@img%2fsharp-libvips-linuxmusl-x64 set size:undefined disposed:false
1866 silly placeDep ROOT deep-is@0.1.4 OK for: optionator@0.9.4 want: ^0.1.3
1867 silly placeDep ROOT fast-levenshtein@2.0.6 OK for: optionator@0.9.4 want: ^2.0.6
1868 silly placeDep ROOT word-wrap@1.2.5 OK for: optionator@0.9.4 want: ^1.2.5
1869 silly placeDep ROOT p-limit@3.1.0 OK for: p-locate@5.0.0 want: ^3.0.2
1870 silly fetch manifest yocto-queue@^0.1.0
1871 silly packumentCache full:https://registry.npmjs.org/yocto-queue cache-miss
1872 http fetch GET 200 https://registry.npmjs.org/yocto-queue 56ms (cache miss)
1873 silly packumentCache full:https://registry.npmjs.org/yocto-queue set size:undefined disposed:false
1874 silly placeDep ROOT yocto-queue@0.1.0 OK for: p-limit@3.1.0 want: ^0.1.0
1875 silly placeDep ROOT callsites@3.1.0 OK for: parent-module@1.0.1 want: ^3.0.0
1876 silly placeDep ROOT nanoid@3.3.19 OK for: postcss@8.4.31 want: ^3.3.6
1877 silly placeDep ROOT picocolors@1.1.1 OK for: postcss@8.4.31 want: ^1.0.0
1878 silly placeDep ROOT source-map-js@1.2.1 OK for: postcss@8.4.31 want: ^1.0.2
1879 silly placeDep ROOT loose-envify@1.4.0 OK for: prop-types@15.8.1 want: ^1.4.0
1880 silly placeDep ROOT object-assign@4.1.1 OK for: prop-types@15.8.1 want: ^4.1.1
1881 silly placeDep ROOT react-is@16.13.1 OK for: prop-types@15.8.1 want: ^16.13.1
1882 silly fetch manifest js-tokens@^3.0.0 || ^4.0.0
1883 silly packumentCache full:https://registry.npmjs.org/js-tokens cache-miss
1884 http fetch GET 200 https://registry.npmjs.org/js-tokens 90ms (cache miss)
1885 silly packumentCache full:https://registry.npmjs.org/js-tokens set size:undefined disposed:false
1886 silly placeDep ROOT js-tokens@4.0.0 OK for: loose-envify@1.4.0 want: ^3.0.0 || ^4.0.0
1887 silly placeDep ROOT scheduler@0.28.0 OK for: react-dom@19.3.0 want: ^0.28.0
1888 silly placeDep ROOT node-exports-info@1.6.2 OK for: resolve@2.0.0-next.7 want: ^1.6.0
1889 silly placeDep ROOT path-parse@1.0.7 OK for: resolve@2.0.0-next.7 want: ^1.0.7
1890 silly placeDep ROOT supports-preserve-symlinks-flag@1.0.0 OK for: resolve@2.0.0-next.7 want: ^1.0.0
1891 silly placeDep node_modules/node-exports-info semver@6.3.1 OK for: node-exports-info@1.6.2 want: ^6.3.1
1892 silly placeDep ROOT queue-microtask@1.2.3 OK for: run-parallel@1.2.0 want: ^1.2.2
1893 silly placeDep ROOT isarray@2.0.5 OK for: safe-array-concat@1.1.4 want: ^2.0.5
1894 silly placeDep ROOT @img/colour@1.1.0 OK for: sharp@0.35.4 want: ^1.1.0
1895 silly placeDep ROOT @img/sharp-darwin-arm64@0.35.4 OK for: sharp@0.35.4 want: 0.35.4
1896 silly placeDep ROOT @img/sharp-darwin-x64@0.35.4 OK for: sharp@0.35.4 want: 0.35.4
1897 silly placeDep ROOT @img/sharp-freebsd-wasm32@0.35.4 OK for: sharp@0.35.4 want: 0.35.4
1898 silly placeDep ROOT @img/sharp-libvips-darwin-arm64@1.3.3 OK for: sharp@0.35.4 want: 1.3.3
1899 silly placeDep ROOT @img/sharp-libvips-darwin-x64@1.3.3 OK for: sharp@0.35.4 want: 1.3.3
1900 silly placeDep ROOT @img/sharp-libvips-linux-arm@1.3.3 OK for: sharp@0.35.4 want: 1.3.3
1901 silly placeDep ROOT @img/sharp-libvips-linux-arm64@1.3.3 OK for: sharp@0.35.4 want: 1.3.3
1902 silly placeDep ROOT @img/sharp-libvips-linux-ppc64@1.3.3 OK for: sharp@0.35.4 want: 1.3.3
1903 silly placeDep ROOT @img/sharp-libvips-linux-riscv64@1.3.3 OK for: sharp@0.35.4 want: 1.3.3
1904 silly placeDep ROOT @img/sharp-libvips-linux-s390x@1.3.3 OK for: sharp@0.35.4 want: 1.3.3
1905 silly placeDep ROOT @img/sharp-libvips-linux-x64@1.3.3 OK for: sharp@0.35.4 want: 1.3.3
1906 silly placeDep ROOT @img/sharp-libvips-linuxmusl-arm64@1.3.3 OK for: sharp@0.35.4 want: 1.3.3
1907 silly placeDep ROOT @img/sharp-libvips-linuxmusl-x64@1.3.3 OK for: sharp@0.35.4 want: 1.3.3
1908 silly placeDep ROOT @img/sharp-linux-arm@0.35.4 OK for: sharp@0.35.4 want: 0.35.4
1909 silly placeDep ROOT @img/sharp-linux-arm64@0.35.4 OK for: sharp@0.35.4 want: 0.35.4
1910 silly placeDep ROOT @img/sharp-linux-ppc64@0.35.4 OK for: sharp@0.35.4 want: 0.35.4
1911 silly placeDep ROOT @img/sharp-linux-riscv64@0.35.4 OK for: sharp@0.35.4 want: 0.35.4
1912 silly placeDep ROOT @img/sharp-linux-s390x@0.35.4 OK for: sharp@0.35.4 want: 0.35.4
1913 silly placeDep ROOT @img/sharp-linux-x64@0.35.4 OK for: sharp@0.35.4 want: 0.35.4
1914 silly placeDep ROOT @img/sharp-linuxmusl-arm64@0.35.4 OK for: sharp@0.35.4 want: 0.35.4
1915 silly placeDep ROOT @img/sharp-linuxmusl-x64@0.35.4 OK for: sharp@0.35.4 want: 0.35.4
1916 silly placeDep ROOT @img/sharp-webcontainers-wasm32@0.35.4 OK for: sharp@0.35.4 want: 0.35.4
1917 silly placeDep ROOT @img/sharp-win32-arm64@0.35.4 OK for: sharp@0.35.4 want: 0.35.4
1918 silly placeDep ROOT @img/sharp-win32-ia32@0.35.4 OK for: sharp@0.35.4 want: 0.35.4
1919 silly placeDep ROOT @img/sharp-win32-x64@0.35.4 OK for: sharp@0.35.4 want: 0.35.4
1920 silly placeDep ROOT detect-libc@2.1.2 OK for: sharp@0.35.4 want: ^2.1.2
1921 silly fetch manifest @img/sharp-wasm32@0.35.4
1922 silly packumentCache full:https://registry.npmjs.org/@img%2fsharp-wasm32 cache-miss
1923 silly fetch manifest @img/sharp-wasm32@0.35.4
1924 silly packumentCache full:https://registry.npmjs.org/@img%2fsharp-wasm32 cache-miss
1925 http fetch GET 200 https://registry.npmjs.org/@img%2fsharp-wasm32 75ms (cache miss)
1926 silly packumentCache full:https://registry.npmjs.org/@img%2fsharp-wasm32 set size:undefined disposed:false
1927 http fetch GET 200 https://registry.npmjs.org/@img%2fsharp-wasm32 86ms (cache miss)
1928 silly packumentCache full:https://registry.npmjs.org/@img%2fsharp-wasm32 set size:undefined disposed:false
1929 silly placeDep ROOT @img/sharp-wasm32@0.35.4 OK for: @img/sharp-freebsd-wasm32@0.35.4 want: 0.35.4
1930 silly fetch manifest @emnapi/runtime@^1.11.3
1931 silly packumentCache full:https://registry.npmjs.org/@emnapi%2fruntime cache-miss
1932 http fetch GET 200 https://registry.npmjs.org/@emnapi%2fruntime 94ms (cache miss)
1933 silly packumentCache full:https://registry.npmjs.org/@emnapi%2fruntime set size:undefined disposed:false
1934 silly placeDep ROOT @emnapi/runtime@1.11.3 OK for: @img/sharp-wasm32@0.35.4 want: ^1.11.3
1935 silly placeDep ROOT shebang-regex@3.0.0 OK for: shebang-command@2.0.0 want: ^3.0.0
1936 silly placeDep ROOT side-channel-list@1.0.1 OK for: side-channel@1.1.1 want: ^1.0.1
1937 silly placeDep ROOT side-channel-map@1.0.1 OK for: side-channel@1.1.1 want: ^1.0.1
1938 silly placeDep ROOT side-channel-weakmap@1.0.2 OK for: side-channel@1.1.1 want: ^1.0.2
1939 silly placeDep ROOT client-only@0.0.1 OK for: styled-jsx@5.1.6 want: 0.0.1
1940 silly placeDep ROOT has-flag@4.0.0 OK for: supports-color@7.2.0 want: ^4.0.0
1941 silly placeDep node_modules/tinyglobby fdir@6.5.0 OK for: tinyglobby@0.2.17 want: ^6.5.0
1942 silly placeDep node_modules/tinyglobby picomatch@4.0.7 OK for: fdir@6.5.0 want: ^3 || ^4
1943 silly placeDep ROOT is-number@7.0.0 OK for: to-regex-range@5.0.1 want: ^7.0.0
1944 silly placeDep ROOT @types/json5@0.0.29 OK for: tsconfig-paths@3.15.0 want: ^0.0.29
1945 silly placeDep ROOT json5@1.0.2 OK for: tsconfig-paths@3.15.0 want: ^1.0.2
1946 silly placeDep ROOT minimist@1.2.8 OK for: tsconfig-paths@3.15.0 want: ^1.2.6
1947 silly placeDep ROOT strip-bom@3.0.0 OK for: tsconfig-paths@3.15.0 want: ^3.0.0
1948 silly fetch manifest minimist@^1.2.0
1949 silly packumentCache full:https://registry.npmjs.org/minimist cache-miss
1950 http cache https://registry.npmjs.org/minimist 8ms (cache hit)
1951 silly packumentCache full:https://registry.npmjs.org/minimist set size:77063 disposed:false
1952 silly placeDep ROOT for-each@0.3.5 OK for: typed-array-byte-length@1.0.3 want: ^0.3.3
1953 silly placeDep ROOT reflect.getprototypeof@1.0.10 OK for: typed-array-byte-offset@1.0.5 want: ^1.0.10
1954 silly fetch manifest which-builtin-type@^1.2.1
1955 silly packumentCache full:https://registry.npmjs.org/which-builtin-type cache-miss
1956 http fetch GET 200 https://registry.npmjs.org/which-builtin-type 59ms (cache miss)
1957 silly packumentCache full:https://registry.npmjs.org/which-builtin-type set size:undefined disposed:false
1958 silly placeDep ROOT which-builtin-type@1.2.1 OK for: reflect.getprototypeof@1.0.10 want: ^1.2.1
1959 silly fetch manifest is-async-function@^2.0.0
1960 silly packumentCache full:https://registry.npmjs.org/is-async-function cache-miss
1961 silly fetch manifest is-finalizationregistry@^1.1.0
1962 silly packumentCache full:https://registry.npmjs.org/is-finalizationregistry cache-miss
1963 silly fetch manifest is-generator-function@^1.0.10
1964 silly packumentCache full:https://registry.npmjs.org/is-generator-function cache-miss
1965 http fetch GET 200 https://registry.npmjs.org/is-finalizationregistry 123ms (cache miss)
1966 silly packumentCache full:https://registry.npmjs.org/is-finalizationregistry set size:undefined disposed:false
1967 silly fetch manifest which-boxed-primitive@^1.1.0
1968 silly packumentCache full:https://registry.npmjs.org/which-boxed-primitive cache-miss
1969 http fetch GET 200 https://registry.npmjs.org/is-async-function 125ms (cache miss)
1970 silly packumentCache full:https://registry.npmjs.org/is-async-function set size:undefined disposed:false
1971 silly fetch manifest which-collection@^1.0.2
1972 silly packumentCache full:https://registry.npmjs.org/which-collection cache-miss
1973 http fetch GET 200 https://registry.npmjs.org/is-generator-function 131ms (cache miss)
1974 silly packumentCache full:https://registry.npmjs.org/is-generator-function set size:undefined disposed:false
1975 http cache https://registry.npmjs.org/which-boxed-primitive 14ms (cache hit)
1976 silly packumentCache full:https://registry.npmjs.org/which-boxed-primitive set size:19407 disposed:false
1977 http fetch GET 200 https://registry.npmjs.org/which-collection 64ms (cache miss)
1978 silly packumentCache full:https://registry.npmjs.org/which-collection set size:undefined disposed:false
1979 silly placeDep ROOT has-bigints@1.1.0 OK for: unbox-primitive@1.1.0 want: ^1.0.2
1980 silly placeDep ROOT which-boxed-primitive@1.1.1 OK for: unbox-primitive@1.1.0 want: ^1.1.1
1981 silly fetch manifest is-bigint@^1.1.0
1982 silly packumentCache full:https://registry.npmjs.org/is-bigint cache-miss
1983 silly fetch manifest is-boolean-object@^1.2.1
1984 silly packumentCache full:https://registry.npmjs.org/is-boolean-object cache-miss
1985 silly fetch manifest is-number-object@^1.1.1
1986 silly packumentCache full:https://registry.npmjs.org/is-number-object cache-miss
1987 http fetch GET 200 https://registry.npmjs.org/is-bigint 61ms (cache miss)
1988 silly packumentCache full:https://registry.npmjs.org/is-bigint set size:undefined disposed:false
1989 http fetch GET 200 https://registry.npmjs.org/is-number-object 70ms (cache miss)
1990 silly packumentCache full:https://registry.npmjs.org/is-number-object set size:undefined disposed:false
1991 http fetch GET 200 https://registry.npmjs.org/is-boolean-object 119ms (cache miss)
1992 silly packumentCache full:https://registry.npmjs.org/is-boolean-object set size:undefined disposed:false
1993 silly placeDep ROOT @unrs/resolver-binding-android-arm-eabi@1.12.2 OK for: unrs-resolver@1.12.2 want: 1.12.2
1994 silly placeDep ROOT @unrs/resolver-binding-android-arm64@1.12.2 OK for: unrs-resolver@1.12.2 want: 1.12.2
1995 silly placeDep ROOT @unrs/resolver-binding-darwin-arm64@1.12.2 OK for: unrs-resolver@1.12.2 want: 1.12.2
1996 silly placeDep ROOT @unrs/resolver-binding-darwin-x64@1.12.2 OK for: unrs-resolver@1.12.2 want: 1.12.2
1997 silly placeDep ROOT @unrs/resolver-binding-freebsd-x64@1.12.2 OK for: unrs-resolver@1.12.2 want: 1.12.2
1998 silly placeDep ROOT @unrs/resolver-binding-linux-arm-gnueabihf@1.12.2 OK for: unrs-resolver@1.12.2 want: 1.12.2
1999 silly placeDep ROOT @unrs/resolver-binding-linux-arm-musleabihf@1.12.2 OK for: unrs-resolver@1.12.2 want: 1.12.2
2000 silly placeDep ROOT @unrs/resolver-binding-linux-arm64-gnu@1.12.2 OK for: unrs-resolver@1.12.2 want: 1.12.2
2001 silly placeDep ROOT @unrs/resolver-binding-linux-arm64-musl@1.12.2 OK for: unrs-resolver@1.12.2 want: 1.12.2
2002 silly placeDep ROOT @unrs/resolver-binding-linux-loong64-gnu@1.12.2 OK for: unrs-resolver@1.12.2 want: 1.12.2
2003 silly placeDep ROOT @unrs/resolver-binding-linux-loong64-musl@1.12.2 OK for: unrs-resolver@1.12.2 want: 1.12.2
2004 silly placeDep ROOT @unrs/resolver-binding-linux-ppc64-gnu@1.12.2 OK for: unrs-resolver@1.12.2 want: 1.12.2
2005 silly placeDep ROOT @unrs/resolver-binding-linux-riscv64-gnu@1.12.2 OK for: unrs-resolver@1.12.2 want: 1.12.2
2006 silly placeDep ROOT @unrs/resolver-binding-linux-riscv64-musl@1.12.2 OK for: unrs-resolver@1.12.2 want: 1.12.2
2007 silly placeDep ROOT @unrs/resolver-binding-linux-s390x-gnu@1.12.2 OK for: unrs-resolver@1.12.2 want: 1.12.2
2008 silly placeDep ROOT @unrs/resolver-binding-linux-x64-gnu@1.12.2 OK for: unrs-resolver@1.12.2 want: 1.12.2
2009 silly placeDep ROOT @unrs/resolver-binding-linux-x64-musl@1.12.2 OK for: unrs-resolver@1.12.2 want: 1.12.2
2010 silly placeDep ROOT @unrs/resolver-binding-openharmony-arm64@1.12.2 OK for: unrs-resolver@1.12.2 want: 1.12.2
2011 silly placeDep ROOT @unrs/resolver-binding-wasm32-wasi@1.12.2 OK for: unrs-resolver@1.12.2 want: 1.12.2
2012 silly placeDep ROOT @unrs/resolver-binding-win32-arm64-msvc@1.12.2 OK for: unrs-resolver@1.12.2 want: 1.12.2
2013 silly placeDep ROOT @unrs/resolver-binding-win32-ia32-msvc@1.12.2 OK for: unrs-resolver@1.12.2 want: 1.12.2
2014 silly placeDep ROOT @unrs/resolver-binding-win32-x64-msvc@1.12.2 OK for: unrs-resolver@1.12.2 want: 1.12.2
2015 silly placeDep ROOT napi-postinstall@0.3.4 OK for: unrs-resolver@1.12.2 want: ^0.3.4
2016 silly fetch manifest @napi-rs/wasm-runtime@^1.1.4
2017 silly packumentCache full:https://registry.npmjs.org/@napi-rs%2fwasm-runtime cache-miss
2018 silly fetch manifest @emnapi/core@1.10.0
2019 silly packumentCache full:https://registry.npmjs.org/@emnapi%2fcore cache-miss
2020 silly fetch manifest @emnapi/runtime@1.10.0
2021 silly packumentCache full:https://registry.npmjs.org/@emnapi%2fruntime cache-miss
2022 http cache https://registry.npmjs.org/@emnapi%2fruntime 12ms (cache hit)
2023 silly packumentCache full:https://registry.npmjs.org/@emnapi%2fruntime set size:127256 disposed:false
2024 http fetch GET 200 https://registry.npmjs.org/@napi-rs%2fwasm-runtime 76ms (cache miss)
2025 silly packumentCache full:https://registry.npmjs.org/@napi-rs%2fwasm-runtime set size:undefined disposed:false
2026 http fetch GET 200 https://registry.npmjs.org/@emnapi%2fcore 83ms (cache miss)
2027 silly packumentCache full:https://registry.npmjs.org/@emnapi%2fcore set size:undefined disposed:false
2028 silly placeDep ROOT @emnapi/core@1.10.0 OK for: @unrs/resolver-binding-wasm32-wasi@1.12.2 want: 1.10.0
2029 silly placeDep node_modules/@unrs/resolver-binding-wasm32-wasi @emnapi/runtime@1.10.0 OK for: @unrs/resolver-binding-wasm32-wasi@1.12.2 want: 1.10.0
2030 silly placeDep ROOT @napi-rs/wasm-runtime@1.2.4 OK for: @unrs/resolver-binding-wasm32-wasi@1.12.2 want: ^1.1.4
2031 silly fetch manifest @emnapi/wasi-threads@1.2.1
2032 silly packumentCache full:https://registry.npmjs.org/@emnapi%2fwasi-threads cache-miss
2033 silly fetch manifest @tybys/wasm-util@^0.10.3
2034 silly packumentCache full:https://registry.npmjs.org/@tybys%2fwasm-util cache-miss
2035 http fetch GET 200 https://registry.npmjs.org/@tybys%2fwasm-util 71ms (cache miss)
2036 silly packumentCache full:https://registry.npmjs.org/@tybys%2fwasm-util set size:undefined disposed:false
2037 http fetch GET 200 https://registry.npmjs.org/@emnapi%2fwasi-threads 88ms (cache miss)
2038 silly packumentCache full:https://registry.npmjs.org/@emnapi%2fwasi-threads set size:undefined disposed:false
2039 silly placeDep ROOT @emnapi/wasi-threads@1.2.1 OK for: @emnapi/core@1.10.0 want: 1.2.1
2040 silly placeDep ROOT @tybys/wasm-util@0.10.4 OK for: @napi-rs/wasm-runtime@1.2.4 want: ^0.10.3
2041 silly placeDep ROOT punycode@2.3.1 OK for: uri-js@4.4.1 want: ^2.1.0
2042 silly placeDep ROOT isexe@2.0.0 OK for: which@2.0.2 want: ^2.0.0
2043 silly placeDep ROOT is-bigint@1.1.0 OK for: which-boxed-primitive@1.1.1 want: ^1.1.0
2044 silly placeDep ROOT is-boolean-object@1.2.2 OK for: which-boxed-primitive@1.1.1 want: ^1.2.1
2045 silly placeDep ROOT is-number-object@1.1.1 OK for: which-boxed-primitive@1.1.1 want: ^1.1.1
2046 silly placeDep ROOT is-async-function@2.1.1 OK for: which-builtin-type@1.2.1 want: ^2.0.0
2047 silly placeDep ROOT is-finalizationregistry@1.1.1 OK for: which-builtin-type@1.2.1 want: ^1.1.0
2048 silly placeDep ROOT is-generator-function@1.1.2 OK for: which-builtin-type@1.2.1 want: ^1.0.10
2049 silly placeDep ROOT which-collection@1.0.2 OK for: which-builtin-type@1.2.1 want: ^1.0.2
2050 silly fetch manifest async-function@^1.0.0
2051 silly packumentCache full:https://registry.npmjs.org/async-function cache-miss
2052 silly fetch manifest generator-function@^2.0.0
2053 silly packumentCache full:https://registry.npmjs.org/generator-function cache-miss
2054 silly fetch manifest is-map@^2.0.3
2055 silly packumentCache full:https://registry.npmjs.org/is-map cache-miss
2056 http fetch GET 200 https://registry.npmjs.org/generator-function 59ms (cache miss)
2057 silly packumentCache full:https://registry.npmjs.org/generator-function set size:undefined disposed:false
2058 silly fetch manifest is-weakmap@^2.0.2
2059 silly packumentCache full:https://registry.npmjs.org/is-weakmap cache-miss
2060 http fetch GET 200 https://registry.npmjs.org/async-function 66ms (cache miss)
2061 silly packumentCache full:https://registry.npmjs.org/async-function set size:undefined disposed:false
2062 silly fetch manifest is-weakset@^2.0.3
2063 silly packumentCache full:https://registry.npmjs.org/is-weakset cache-miss
2064 http fetch GET 200 https://registry.npmjs.org/is-map 247ms (cache miss)
2065 silly packumentCache full:https://registry.npmjs.org/is-map set size:undefined disposed:false
2066 http fetch GET 200 https://registry.npmjs.org/is-weakset 188ms (cache miss)
2067 silly packumentCache full:https://registry.npmjs.org/is-weakset set size:undefined disposed:false
2068 http fetch GET 200 https://registry.npmjs.org/is-weakmap 194ms (cache miss)
2069 silly packumentCache full:https://registry.npmjs.org/is-weakmap set size:undefined disposed:false
2070 silly placeDep ROOT async-function@1.0.0 OK for: is-async-function@2.1.1 want: ^1.0.0
2071 silly placeDep ROOT generator-function@2.0.1 OK for: is-generator-function@1.1.2 want: ^2.0.0
2072 silly placeDep ROOT is-map@2.0.3 OK for: which-collection@1.0.2 want: ^2.0.3
2073 silly placeDep ROOT is-weakmap@2.0.2 OK for: which-collection@1.0.2 want: ^2.0.2
2074 silly placeDep ROOT is-weakset@2.0.4 OK for: which-collection@1.0.2 want: ^2.0.3
2075 silly placeDep node_modules/@typescript-eslint/typescript-estree brace-expansion@5.0.12 OK for: minimatch@10.2.6 want: ^5.0.8
2076 silly fetch manifest balanced-match@^4.0.2
2077 silly packumentCache full:https://registry.npmjs.org/balanced-match cache-miss
2078 http cache https://registry.npmjs.org/balanced-match 10ms (cache hit)
2079 silly packumentCache full:https://registry.npmjs.org/balanced-match set size:39082 disposed:false
2080 silly placeDep node_modules/@typescript-eslint/typescript-estree balanced-match@4.0.4 OK for: brace-expansion@5.0.12 want: ^4.0.2
2081 silly reify moves {}
2082 http cache is-weakset@https://registry.npmjs.org/is-weakset/-/is-weakset-2.0.4.tgz 0ms (cache hit)
2083 http cache is-weakmap@https://registry.npmjs.org/is-weakmap/-/is-weakmap-2.0.2.tgz 0ms (cache hit)
2084 http cache is-map@https://registry.npmjs.org/is-map/-/is-map-2.0.3.tgz 1ms (cache hit)
2085 http cache generator-function@https://registry.npmjs.org/generator-function/-/generator-function-2.0.1.tgz 0ms (cache hit)
2086 http cache async-function@https://registry.npmjs.org/async-function/-/async-function-1.0.0.tgz 0ms (cache hit)
2087 http cache which-collection@https://registry.npmjs.org/which-collection/-/which-collection-1.0.2.tgz 0ms (cache hit)
2088 http cache is-generator-function@https://registry.npmjs.org/is-generator-function/-/is-generator-function-1.1.2.tgz 0ms (cache hit)
2089 http cache is-finalizationregistry@https://registry.npmjs.org/is-finalizationregistry/-/is-finalizationregistry-1.1.1.tgz 0ms (cache hit)
2090 http cache is-async-function@https://registry.npmjs.org/is-async-function/-/is-async-function-2.1.1.tgz 0ms (cache hit)
2091 http cache is-number-object@https://registry.npmjs.org/is-number-object/-/is-number-object-1.1.1.tgz 0ms (cache hit)
2092 http cache is-boolean-object@https://registry.npmjs.org/is-boolean-object/-/is-boolean-object-1.2.2.tgz 0ms (cache hit)
2093 http cache is-bigint@https://registry.npmjs.org/is-bigint/-/is-bigint-1.1.0.tgz 0ms (cache hit)
2094 http cache @unrs/resolver-binding-win32-x64-msvc@https://registry.npmjs.org/@unrs/resolver-binding-win32-x64-msvc/-/resolver-binding-win32-x64-msvc-1.12.2.tgz 0ms (cache hit)
2095 http cache isexe@https://registry.npmjs.org/isexe/-/isexe-2.0.0.tgz 0ms (cache hit)
2096 http cache punycode@https://registry.npmjs.org/punycode/-/punycode-2.3.1.tgz 0ms (cache hit)
2097 http cache napi-postinstall@https://registry.npmjs.org/napi-postinstall/-/napi-postinstall-0.3.4.tgz 0ms (cache hit)
2098 http cache which-boxed-primitive@https://registry.npmjs.org/which-boxed-primitive/-/which-boxed-primitive-1.1.1.tgz 0ms (cache hit)
2099 http cache has-bigints@https://registry.npmjs.org/has-bigints/-/has-bigints-1.1.0.tgz 0ms (cache hit)
2100 http cache reflect.getprototypeof@https://registry.npmjs.org/reflect.getprototypeof/-/reflect.getprototypeof-1.0.10.tgz 0ms (cache hit)
2101 http cache which-builtin-type@https://registry.npmjs.org/which-builtin-type/-/which-builtin-type-1.2.1.tgz 0ms (cache hit)
2102 http cache for-each@https://registry.npmjs.org/for-each/-/for-each-0.3.5.tgz 0ms (cache hit)
2103 http cache @types/json5@https://registry.npmjs.org/@types/json5/-/json5-0.0.29.tgz 0ms (cache hit)
2104 http cache strip-bom@https://registry.npmjs.org/strip-bom/-/strip-bom-3.0.0.tgz 0ms (cache hit)
2105 http cache json5@https://registry.npmjs.org/json5/-/json5-1.0.2.tgz 0ms (cache hit)
2106 http cache minimist@https://registry.npmjs.org/minimist/-/minimist-1.2.8.tgz 0ms (cache hit)
2107 http cache is-number@https://registry.npmjs.org/is-number/-/is-number-7.0.0.tgz 0ms (cache hit)
2108 http cache client-only@https://registry.npmjs.org/client-only/-/client-only-0.0.1.tgz 0ms (cache hit)
2109 http cache has-flag@https://registry.npmjs.org/has-flag/-/has-flag-4.0.0.tgz 0ms (cache hit)
2110 http cache side-channel-weakmap@https://registry.npmjs.org/side-channel-weakmap/-/side-channel-weakmap-1.0.2.tgz 0ms (cache hit)
2111 http cache shebang-regex@https://registry.npmjs.org/shebang-regex/-/shebang-regex-3.0.0.tgz 0ms (cache hit)
2112 http cache side-channel-map@https://registry.npmjs.org/side-channel-map/-/side-channel-map-1.0.1.tgz 0ms (cache hit)
2113 http cache @img/sharp-win32-x64@https://registry.npmjs.org/@img/sharp-win32-x64/-/sharp-win32-x64-0.35.4.tgz 0ms (cache hit)
2114 http cache side-channel-list@https://registry.npmjs.org/side-channel-list/-/side-channel-list-1.0.1.tgz 0ms (cache hit)
2115 http cache detect-libc@https://registry.npmjs.org/detect-libc/-/detect-libc-2.1.2.tgz 0ms (cache hit)
2116 http cache isarray@https://registry.npmjs.org/isarray/-/isarray-2.0.5.tgz 0ms (cache hit)
2117 http cache @img/colour@https://registry.npmjs.org/@img/colour/-/colour-1.1.0.tgz 0ms (cache hit)
2118 http cache supports-preserve-symlinks-flag@https://registry.npmjs.org/supports-preserve-symlinks-flag/-/supports-preserve-symlinks-flag-1.0.0.tgz 0ms (cache hit)
2119 http cache queue-microtask@https://registry.npmjs.org/queue-microtask/-/queue-microtask-1.2.3.tgz 0ms (cache hit)
2120 http cache path-parse@https://registry.npmjs.org/path-parse/-/path-parse-1.0.7.tgz 0ms (cache hit)
2121 http cache js-tokens@https://registry.npmjs.org/js-tokens/-/js-tokens-4.0.0.tgz 0ms (cache hit)
2122 http cache node-exports-info@https://registry.npmjs.org/node-exports-info/-/node-exports-info-1.6.2.tgz 0ms (cache hit)
2123 http cache scheduler@https://registry.npmjs.org/scheduler/-/scheduler-0.28.0.tgz 0ms (cache hit)
2124 http cache react-is@https://registry.npmjs.org/react-is/-/react-is-16.13.1.tgz 0ms (cache hit)
2125 http cache object-assign@https://registry.npmjs.org/object-assign/-/object-assign-4.1.1.tgz 0ms (cache hit)
2126 http cache source-map-js@https://registry.npmjs.org/source-map-js/-/source-map-js-1.2.1.tgz 0ms (cache hit)
2127 http cache picocolors@https://registry.npmjs.org/picocolors/-/picocolors-1.1.1.tgz 0ms (cache hit)
2128 http cache nanoid@https://registry.npmjs.org/nanoid/-/nanoid-3.3.19.tgz 0ms (cache hit)
2129 http cache p-limit@https://registry.npmjs.org/p-limit/-/p-limit-3.1.0.tgz 0ms (cache hit)
2130 http cache callsites@https://registry.npmjs.org/callsites/-/callsites-3.1.0.tgz 0ms (cache hit)
2131 http cache yocto-queue@https://registry.npmjs.org/yocto-queue/-/yocto-queue-0.1.0.tgz 0ms (cache hit)
2132 http cache word-wrap@https://registry.npmjs.org/word-wrap/-/word-wrap-1.2.5.tgz 0ms (cache hit)
2133 http cache fast-levenshtein@https://registry.npmjs.org/fast-levenshtein/-/fast-levenshtein-2.0.6.tgz 0ms (cache hit)
2134 http cache deep-is@https://registry.npmjs.org/deep-is/-/deep-is-0.1.4.tgz 0ms (cache hit)
2135 http cache styled-jsx@https://registry.npmjs.org/styled-jsx/-/styled-jsx-5.1.6.tgz 0ms (cache hit)
2136 http cache sharp@https://registry.npmjs.org/sharp/-/sharp-0.35.4.tgz 0ms (cache hit)
2137 http cache @swc/helpers@https://registry.npmjs.org/@swc/helpers/-/helpers-0.5.15.tgz 0ms (cache hit)
2138 http cache postcss@https://registry.npmjs.org/postcss/-/postcss-8.4.31.tgz 0ms (cache hit)
2139 http cache caniuse-lite@https://registry.npmjs.org/caniuse-lite/-/caniuse-lite-1.0.30001812.tgz 0ms (cache hit)
2140 http cache @next/swc-win32-x64-msvc@https://registry.npmjs.org/@next/swc-win32-x64-msvc/-/swc-win32-x64-msvc-15.5.26.tgz 0ms (cache hit)
2141 http cache @next/env@https://registry.npmjs.org/@next/env/-/env-15.5.26.tgz 0ms (cache hit)
2142 http cache concat-map@https://registry.npmjs.org/concat-map/-/concat-map-0.0.1.tgz 0ms (cache hit)
2143 http cache balanced-match@https://registry.npmjs.org/balanced-match/-/balanced-match-1.0.2.tgz 0ms (cache hit)
2144 http cache brace-expansion@https://registry.npmjs.org/brace-expansion/-/brace-expansion-1.1.21.tgz 0ms (cache hit)
2145 http cache to-regex-range@https://registry.npmjs.org/to-regex-range/-/to-regex-range-5.0.1.tgz 0ms (cache hit)
2146 http cache fill-range@https://registry.npmjs.org/fill-range/-/fill-range-7.1.1.tgz 0ms (cache hit)
2147 http cache braces@https://registry.npmjs.org/braces/-/braces-3.0.3.tgz 0ms (cache hit)
2148 http cache picomatch@https://registry.npmjs.org/picomatch/-/picomatch-2.3.2.tgz 0ms (cache hit)
2149 http cache p-locate@https://registry.npmjs.org/p-locate/-/p-locate-5.0.0.tgz 0ms (cache hit)
2150 http cache type-check@https://registry.npmjs.org/type-check/-/type-check-0.4.0.tgz 0ms (cache hit)
2151 http cache language-subtag-registry@https://registry.npmjs.org/language-subtag-registry/-/language-subtag-registry-0.3.23.tgz 0ms (cache hit)
2152 http cache prelude-ls@https://registry.npmjs.org/prelude-ls/-/prelude-ls-1.2.1.tgz 0ms (cache hit)
2153 http cache json-buffer@https://registry.npmjs.org/json-buffer/-/json-buffer-3.0.1.tgz 0ms (cache hit)
2154 http cache argparse@https://registry.npmjs.org/argparse/-/argparse-2.0.1.tgz 0ms (cache hit)
2155 http cache set-function-name@https://registry.npmjs.org/set-function-name/-/set-function-name-2.0.2.tgz 0ms (cache hit)
2156 http cache is-extglob@https://registry.npmjs.org/is-extglob/-/is-extglob-2.1.1.tgz 0ms (cache hit)
2157 http cache side-channel@https://registry.npmjs.org/side-channel/-/side-channel-1.1.1.tgz 0ms (cache hit)
2158 http cache resolve-from@https://registry.npmjs.org/resolve-from/-/resolve-from-4.0.0.tgz 0ms (cache hit)
2159 http cache dunder-proto@https://registry.npmjs.org/dunder-proto/-/dunder-proto-1.0.1.tgz 0ms (cache hit)
2160 http cache parent-module@https://registry.npmjs.org/parent-module/-/parent-module-1.0.1.tgz 0ms (cache hit)
2161 http cache is-document.all@https://registry.npmjs.org/is-document.all/-/is-document.all-1.0.0.tgz 0ms (cache hit)
2162 http cache resolve-pkg-maps@https://registry.npmjs.org/resolve-pkg-maps/-/resolve-pkg-maps-1.0.0.tgz 0ms (cache hit)
2163 http cache functions-have-names@https://registry.npmjs.org/functions-have-names/-/functions-have-names-1.2.3.tgz 0ms (cache hit)
2164 http cache flatted@https://registry.npmjs.org/flatted/-/flatted-3.4.4.tgz 0ms (cache hit)
2165 http cache keyv@https://registry.npmjs.org/keyv/-/keyv-4.5.4.tgz 0ms (cache hit)
2166 http cache path-exists@https://registry.npmjs.org/path-exists/-/path-exists-4.0.0.tgz 0ms (cache hit)
2167 http cache locate-path@https://registry.npmjs.org/locate-path/-/locate-path-6.0.0.tgz 0ms (cache hit)
2168 http cache flat-cache@https://registry.npmjs.org/flat-cache/-/flat-cache-4.0.1.tgz 0ms (cache hit)
2169 http cache reusify@https://registry.npmjs.org/reusify/-/reusify-1.1.0.tgz 0ms (cache hit)
2170 http cache fastq@https://registry.npmjs.org/fastq/-/fastq-1.20.3.tgz 0ms (cache hit)
2171 http cache run-parallel@https://registry.npmjs.org/run-parallel/-/run-parallel-1.2.0.tgz 0ms (cache hit)
2172 http cache @nodelib/fs.scandir@https://registry.npmjs.org/@nodelib/fs.scandir/-/fs.scandir-2.1.5.tgz 0ms (cache hit)
2173 http cache micromatch@https://registry.npmjs.org/micromatch/-/micromatch-4.0.8.tgz 0ms (cache hit)
2174 http cache merge2@https://registry.npmjs.org/merge2/-/merge2-1.4.1.tgz 0ms (cache hit)
2175 http cache @nodelib/fs.walk@https://registry.npmjs.org/@nodelib/fs.walk/-/fs.walk-1.2.8.tgz 0ms (cache hit)
2176 http cache acorn-jsx@https://registry.npmjs.org/acorn-jsx/-/acorn-jsx-5.3.2.tgz 0ms (cache hit)
2177 http cache @nodelib/fs.stat@https://registry.npmjs.org/@nodelib/fs.stat/-/fs.stat-2.0.5.tgz 0ms (cache hit)
2178 http cache acorn@https://registry.npmjs.org/acorn/-/acorn-8.18.0.tgz 0ms (cache hit)
2179 http cache esrecurse@https://registry.npmjs.org/esrecurse/-/esrecurse-4.3.0.tgz 0ms (cache hit)
2180 http cache iterator.prototype@https://registry.npmjs.org/iterator.prototype/-/iterator.prototype-1.1.5.tgz 0ms (cache hit)
2181 http cache string.prototype.repeat@https://registry.npmjs.org/string.prototype.repeat/-/string.prototype.repeat-1.0.0.tgz 0ms (cache hit)
2182 http cache string.prototype.matchall@https://registry.npmjs.org/string.prototype.matchall/-/string.prototype.matchall-4.1.0.tgz 0ms (cache hit)
2183 http cache prop-types@https://registry.npmjs.org/prop-types/-/prop-types-15.8.1.tgz 0ms (cache hit)
2184 http cache estraverse@https://registry.npmjs.org/estraverse/-/estraverse-5.3.0.tgz 0ms (cache hit)
2185 http cache object.entries@https://registry.npmjs.org/object.entries/-/object.entries-1.1.9.tgz 0ms (cache hit)
2186 http cache es-iterator-helpers@https://registry.npmjs.org/es-iterator-helpers/-/es-iterator-helpers-1.4.0.tgz 0ms (cache hit)
2187 http cache array.prototype.tosorted@https://registry.npmjs.org/array.prototype.tosorted/-/array.prototype.tosorted-1.1.4.tgz 0ms (cache hit)
2188 http cache array.prototype.findlast@https://registry.npmjs.org/array.prototype.findlast/-/array.prototype.findlast-1.2.5.tgz 0ms (cache hit)
2189 http cache string.prototype.includes@https://registry.npmjs.org/string.prototype.includes/-/string.prototype.includes-2.0.1.tgz 0ms (cache hit)
2190 http cache jsx-ast-utils@https://registry.npmjs.org/jsx-ast-utils/-/jsx-ast-utils-3.3.5.tgz 0ms (cache hit)
2191 http cache loose-envify@https://registry.npmjs.org/loose-envify/-/loose-envify-1.4.0.tgz 0ms (cache hit)
2192 http cache language-tags@https://registry.npmjs.org/language-tags/-/language-tags-1.0.9.tgz 0ms (cache hit)
2193 http cache damerau-levenshtein@https://registry.npmjs.org/damerau-levenshtein/-/damerau-levenshtein-1.0.8.tgz 0ms (cache hit)
2194 http cache emoji-regex@https://registry.npmjs.org/emoji-regex/-/emoji-regex-9.2.2.tgz 0ms (cache hit)
2195 http cache ast-types-flow@https://registry.npmjs.org/ast-types-flow/-/ast-types-flow-0.0.8.tgz 0ms (cache hit)
2196 http cache axobject-query@https://registry.npmjs.org/axobject-query/-/axobject-query-4.1.0.tgz 0ms (cache hit)
2197 http cache axe-core@https://registry.npmjs.org/axe-core/-/axe-core-4.13.0.tgz 0ms (cache hit)
2198 http cache aria-query@https://registry.npmjs.org/aria-query/-/aria-query-5.3.2.tgz 0ms (cache hit)
2199 http cache is-symbol@https://registry.npmjs.org/is-symbol/-/is-symbol-1.1.1.tgz 0ms (cache hit)
2200 http cache is-date-object@https://registry.npmjs.org/is-date-object/-/is-date-object-1.1.0.tgz 0ms (cache hit)
2201 http cache es-abstract-get@https://registry.npmjs.org/es-abstract-get/-/es-abstract-get-1.0.0.tgz 0ms (cache hit)
2202 http cache possible-typed-array-names@https://registry.npmjs.org/possible-typed-array-names/-/possible-typed-array-names-1.1.0.tgz 0ms (cache hit)
2203 http cache has-tostringtag@https://registry.npmjs.org/has-tostringtag/-/has-tostringtag-1.0.2.tgz 0ms (cache hit)
2204 http cache unbox-primitive@https://registry.npmjs.org/unbox-primitive/-/unbox-primitive-1.1.0.tgz 0ms (cache hit)
2205 http cache which-typed-array@https://registry.npmjs.org/which-typed-array/-/which-typed-array-1.1.24.tgz 0ms (cache hit)
2206 http cache typed-array-length@https://registry.npmjs.org/typed-array-length/-/typed-array-length-1.0.8.tgz 0ms (cache hit)
2207 http cache typed-array-byte-offset@https://registry.npmjs.org/typed-array-byte-offset/-/typed-array-byte-offset-1.0.5.tgz 0ms (cache hit)
2208 http cache typed-array-byte-length@https://registry.npmjs.org/typed-array-byte-length/-/typed-array-byte-length-1.0.3.tgz 0ms (cache hit)
2209 http cache typed-array-buffer@https://registry.npmjs.org/typed-array-buffer/-/typed-array-buffer-1.0.3.tgz 0ms (cache hit)
2210 http cache string.prototype.trimstart@https://registry.npmjs.org/string.prototype.trimstart/-/string.prototype.trimstart-1.0.8.tgz 0ms (cache hit)
2211 http cache string.prototype.trim@https://registry.npmjs.org/string.prototype.trim/-/string.prototype.trim-1.2.11.tgz 0ms (cache hit)
2212 http cache set-proto@https://registry.npmjs.org/set-proto/-/set-proto-1.0.0.tgz 0ms (cache hit)
2213 http cache stop-iteration-iterator@https://registry.npmjs.org/stop-iteration-iterator/-/stop-iteration-iterator-1.1.0.tgz 0ms (cache hit)
2214 http cache safe-regex-test@https://registry.npmjs.org/safe-regex-test/-/safe-regex-test-1.1.0.tgz 0ms (cache hit)
2215 http cache safe-push-apply@https://registry.npmjs.org/safe-push-apply/-/safe-push-apply-1.0.0.tgz 0ms (cache hit)
2216 http cache safe-array-concat@https://registry.npmjs.org/safe-array-concat/-/safe-array-concat-1.1.4.tgz 0ms (cache hit)
2217 http cache regexp.prototype.flags@https://registry.npmjs.org/regexp.prototype.flags/-/regexp.prototype.flags-1.5.4.tgz 0ms (cache hit)
2218 http cache own-keys@https://registry.npmjs.org/own-keys/-/own-keys-1.0.2.tgz 0ms (cache hit)
2219 http cache object.assign@https://registry.npmjs.org/object.assign/-/object.assign-4.1.7.tgz 0ms (cache hit)
2220 http cache object-inspect@https://registry.npmjs.org/object-inspect/-/object-inspect-1.13.4.tgz 0ms (cache hit)
2221 http cache is-weakref@https://registry.npmjs.org/is-weakref/-/is-weakref-1.1.1.tgz 0ms (cache hit)
2222 http cache is-typed-array@https://registry.npmjs.org/is-typed-array/-/is-typed-array-1.1.15.tgz 0ms (cache hit)
2223 http cache is-shared-array-buffer@https://registry.npmjs.org/is-shared-array-buffer/-/is-shared-array-buffer-1.0.4.tgz 0ms (cache hit)
2224 http cache is-set@https://registry.npmjs.org/is-set/-/is-set-2.0.3.tgz 0ms (cache hit)
2225 http cache is-regex@https://registry.npmjs.org/is-regex/-/is-regex-1.2.1.tgz 0ms (cache hit)
2226 http cache is-negative-zero@https://registry.npmjs.org/is-negative-zero/-/is-negative-zero-2.0.3.tgz 0ms (cache hit)
2227 http cache is-data-view@https://registry.npmjs.org/is-data-view/-/is-data-view-1.0.2.tgz 0ms (cache hit)
2228 http cache is-callable@https://registry.npmjs.org/is-callable/-/is-callable-1.2.7.tgz 0ms (cache hit)
2229 http cache is-array-buffer@https://registry.npmjs.org/is-array-buffer/-/is-array-buffer-3.0.5.tgz 0ms (cache hit)
2230 http cache internal-slot@https://registry.npmjs.org/internal-slot/-/internal-slot-1.1.0.tgz 0ms (cache hit)
2231 http cache has-symbols@https://registry.npmjs.org/has-symbols/-/has-symbols-1.1.0.tgz 0ms (cache hit)
2232 http cache has-proto@https://registry.npmjs.org/has-proto/-/has-proto-1.2.0.tgz 0ms (cache hit)
2233 http cache globalthis@https://registry.npmjs.org/globalthis/-/globalthis-1.0.4.tgz 0ms (cache hit)
2234 http cache get-symbol-description@https://registry.npmjs.org/get-symbol-description/-/get-symbol-description-1.1.0.tgz 0ms (cache hit)
2235 http cache get-proto@https://registry.npmjs.org/get-proto/-/get-proto-1.0.1.tgz 0ms (cache hit)
2236 http cache function.prototype.name@https://registry.npmjs.org/function.prototype.name/-/function.prototype.name-1.2.0.tgz 0ms (cache hit)
2237 http cache es-to-primitive@https://registry.npmjs.org/es-to-primitive/-/es-to-primitive-1.3.4.tgz 0ms (cache hit)
2238 http cache es-set-tostringtag@https://registry.npmjs.org/es-set-tostringtag/-/es-set-tostringtag-2.1.0.tgz 0ms (cache hit)
2239 http cache data-view-byte-offset@https://registry.npmjs.org/data-view-byte-offset/-/data-view-byte-offset-1.0.1.tgz 0ms (cache hit)
2240 http cache data-view-byte-length@https://registry.npmjs.org/data-view-byte-length/-/data-view-byte-length-1.0.2.tgz 0ms (cache hit)
2241 http cache data-view-buffer@https://registry.npmjs.org/data-view-buffer/-/data-view-buffer-1.0.2.tgz 0ms (cache hit)
2242 http cache available-typed-arrays@https://registry.npmjs.org/available-typed-arrays/-/available-typed-arrays-1.0.7.tgz 0ms (cache hit)
2243 http cache arraybuffer.prototype.slice@https://registry.npmjs.org/arraybuffer.prototype.slice/-/arraybuffer.prototype.slice-1.0.4.tgz 0ms (cache hit)
2244 http cache gopd@https://registry.npmjs.org/gopd/-/gopd-1.2.0.tgz 0ms (cache hit)
2245 http cache array-buffer-byte-length@https://registry.npmjs.org/array-buffer-byte-length/-/array-buffer-byte-length-1.0.2.tgz 0ms (cache hit)
2246 http cache object-keys@https://registry.npmjs.org/object-keys/-/object-keys-1.1.1.tgz 0ms (cache hit)
2247 http cache has-property-descriptors@https://registry.npmjs.org/has-property-descriptors/-/has-property-descriptors-1.0.2.tgz 0ms (cache hit)
2248 http cache define-data-property@https://registry.npmjs.org/define-data-property/-/define-data-property-1.1.4.tgz 0ms (cache hit)
2249 http cache set-function-length@https://registry.npmjs.org/set-function-length/-/set-function-length-1.2.2.tgz 0ms (cache hit)
2250 http cache function-bind@https://registry.npmjs.org/function-bind/-/function-bind-1.1.2.tgz 0ms (cache hit)
2251 http cache get-intrinsic@https://registry.npmjs.org/get-intrinsic/-/get-intrinsic-1.3.0.tgz 0ms (cache hit)
2252 http cache es-define-property@https://registry.npmjs.org/es-define-property/-/es-define-property-1.0.1.tgz 0ms (cache hit)
2253 http cache call-bind-apply-helpers@https://registry.npmjs.org/call-bind-apply-helpers/-/call-bind-apply-helpers-1.0.2.tgz 0ms (cache hit)
2254 http cache math-intrinsics@https://registry.npmjs.org/math-intrinsics/-/math-intrinsics-1.1.0.tgz 0ms (cache hit)
2255 http cache is-string@https://registry.npmjs.org/is-string/-/is-string-1.1.1.tgz 0ms (cache hit)
2256 http cache es-object-atoms@https://registry.npmjs.org/es-object-atoms/-/es-object-atoms-1.1.2.tgz 0ms (cache hit)
2257 http cache es-shim-unscopables@https://registry.npmjs.org/es-shim-unscopables/-/es-shim-unscopables-1.1.0.tgz 0ms (cache hit)
2258 http cache es-abstract@https://registry.npmjs.org/es-abstract/-/es-abstract-1.24.2.tgz 0ms (cache hit)
2259 http cache define-properties@https://registry.npmjs.org/define-properties/-/define-properties-1.2.1.tgz 0ms (cache hit)
2260 http cache call-bind@https://registry.npmjs.org/call-bind/-/call-bind-1.0.9.tgz 0ms (cache hit)
2261 http cache call-bound@https://registry.npmjs.org/call-bound/-/call-bound-1.0.4.tgz 0ms (cache hit)
2262 http cache tsconfig-paths@https://registry.npmjs.org/tsconfig-paths/-/tsconfig-paths-3.15.0.tgz 0ms (cache hit)
2263 http cache object.values@https://registry.npmjs.org/object.values/-/object.values-1.2.1.tgz 0ms (cache hit)
2264 http cache object.groupby@https://registry.npmjs.org/object.groupby/-/object.groupby-1.0.3.tgz 0ms (cache hit)
2265 http cache string.prototype.trimend@https://registry.npmjs.org/string.prototype.trimend/-/string.prototype.trimend-1.0.10.tgz 0ms (cache hit)
2266 http cache object.fromentries@https://registry.npmjs.org/object.fromentries/-/object.fromentries-2.0.8.tgz 0ms (cache hit)
2267 http cache hasown@https://registry.npmjs.org/hasown/-/hasown-2.0.4.tgz 0ms (cache hit)
2268 http cache doctrine@https://registry.npmjs.org/doctrine/-/doctrine-2.1.0.tgz 0ms (cache hit)
2269 http cache array.prototype.flatmap@https://registry.npmjs.org/array.prototype.flatmap/-/array.prototype.flatmap-1.3.3.tgz 0ms (cache hit)
2270 http cache @rtsao/scc@https://registry.npmjs.org/@rtsao/scc/-/scc-1.1.0.tgz 0ms (cache hit)
2271 http cache eslint-module-utils@https://registry.npmjs.org/eslint-module-utils/-/eslint-module-utils-2.14.0.tgz 0ms (cache hit)
2272 http cache array-includes@https://registry.npmjs.org/array-includes/-/array-includes-3.2.0.tgz 0ms (cache hit)
2273 http cache unrs-resolver@https://registry.npmjs.org/unrs-resolver/-/unrs-resolver-1.12.2.tgz 0ms (cache hit)
2274 http cache stable-hash@https://registry.npmjs.org/stable-hash/-/stable-hash-0.0.5.tgz 0ms (cache hit)
2275 http cache is-bun-module@https://registry.npmjs.org/is-bun-module/-/is-bun-module-2.0.0.tgz 0ms (cache hit)
2276 http cache get-tsconfig@https://registry.npmjs.org/get-tsconfig/-/get-tsconfig-4.14.3.tgz 0ms (cache hit)
2277 http cache @nolyfill/is-core-module@https://registry.npmjs.org/@nolyfill/is-core-module/-/is-core-module-1.0.39.tgz 0ms (cache hit)
2278 http cache resolve@https://registry.npmjs.org/resolve/-/resolve-2.0.0-next.7.tgz 0ms (cache hit)
2279 http cache is-core-module@https://registry.npmjs.org/is-core-module/-/is-core-module-2.17.0.tgz 0ms (cache hit)
2280 http cache tinyglobby@https://registry.npmjs.org/tinyglobby/-/tinyglobby-0.2.17.tgz 0ms (cache hit)
2281 http cache semver@https://registry.npmjs.org/semver/-/semver-7.8.5.tgz 0ms (cache hit)
2282 http cache @typescript-eslint/tsconfig-utils@https://registry.npmjs.org/@typescript-eslint/tsconfig-utils/-/tsconfig-utils-8.70.1.tgz 0ms (cache hit)
2283 http cache array.prototype.findlastindex@https://registry.npmjs.org/array.prototype.findlastindex/-/array.prototype.findlastindex-1.2.6.tgz 0ms (cache hit)
2284 http cache @typescript-eslint/project-service@https://registry.npmjs.org/@typescript-eslint/project-service/-/project-service-8.70.1.tgz 0ms (cache hit)
2285 http cache @typescript-eslint/typescript-estree@https://registry.npmjs.org/@typescript-eslint/typescript-estree/-/typescript-estree-8.70.1.tgz 0ms (cache hit)
2286 http cache @typescript-eslint/types@https://registry.npmjs.org/@typescript-eslint/types/-/types-8.70.1.tgz 0ms (cache hit)
2287 http cache es-errors@https://registry.npmjs.org/es-errors/-/es-errors-1.3.0.tgz 0ms (cache hit)
2288 http cache ts-api-utils@https://registry.npmjs.org/ts-api-utils/-/ts-api-utils-2.5.0.tgz 0ms (cache hit)
2289 http cache @typescript-eslint/visitor-keys@https://registry.npmjs.org/@typescript-eslint/visitor-keys/-/visitor-keys-8.70.1.tgz 0ms (cache hit)
2290 http cache @typescript-eslint/utils@https://registry.npmjs.org/@typescript-eslint/utils/-/utils-8.70.1.tgz 0ms (cache hit)
2291 http cache @typescript-eslint/type-utils@https://registry.npmjs.org/@typescript-eslint/type-utils/-/type-utils-8.70.1.tgz 0ms (cache hit)
2292 http cache @typescript-eslint/scope-manager@https://registry.npmjs.org/@typescript-eslint/scope-manager/-/scope-manager-8.70.1.tgz 0ms (cache hit)
2293 http cache fast-glob@https://registry.npmjs.org/fast-glob/-/fast-glob-3.3.1.tgz 0ms (cache hit)
2294 http cache eslint-plugin-react-hooks@https://registry.npmjs.org/eslint-plugin-react-hooks/-/eslint-plugin-react-hooks-5.2.0.tgz 0ms (cache hit)
2295 http cache eslint-plugin-react@https://registry.npmjs.org/eslint-plugin-react/-/eslint-plugin-react-7.37.5.tgz 0ms (cache hit)
2296 http cache eslint-plugin-import@https://registry.npmjs.org/eslint-plugin-import/-/eslint-plugin-import-2.32.0.tgz 0ms (cache hit)
2297 http cache @typescript-eslint/parser@https://registry.npmjs.org/@typescript-eslint/parser/-/parser-8.70.1.tgz 0ms (cache hit)
2298 http cache eslint-import-resolver-node@https://registry.npmjs.org/eslint-import-resolver-node/-/eslint-import-resolver-node-0.3.10.tgz 0ms (cache hit)
2299 http cache @typescript-eslint/eslint-plugin@https://registry.npmjs.org/@typescript-eslint/eslint-plugin/-/eslint-plugin-8.70.1.tgz 0ms (cache hit)
2300 http cache eslint-import-resolver-typescript@https://registry.npmjs.org/eslint-import-resolver-typescript/-/eslint-import-resolver-typescript-3.10.1.tgz 0ms (cache hit)
2301 http cache typescript@https://registry.npmjs.org/typescript/-/typescript-6.0.3.tgz 0ms (cache hit)
2302 http cache @rushstack/eslint-patch@https://registry.npmjs.org/@rushstack/eslint-patch/-/eslint-patch-1.16.1.tgz 0ms (cache hit)
2303 http cache @next/eslint-plugin-next@https://registry.npmjs.org/@next/eslint-plugin-next/-/eslint-plugin-next-15.5.26.tgz 0ms (cache hit)
2304 http cache eslint-plugin-jsx-a11y@https://registry.npmjs.org/eslint-plugin-jsx-a11y/-/eslint-plugin-jsx-a11y-6.10.2.tgz 0ms (cache hit)
2305 http cache ms@https://registry.npmjs.org/ms/-/ms-2.1.3.tgz 0ms (cache hit)
2306 http cache which@https://registry.npmjs.org/which/-/which-2.0.2.tgz 0ms (cache hit)
2307 http cache array.prototype.flat@https://registry.npmjs.org/array.prototype.flat/-/array.prototype.flat-1.3.3.tgz 0ms (cache hit)
2308 http cache shebang-command@https://registry.npmjs.org/shebang-command/-/shebang-command-2.0.0.tgz 0ms (cache hit)
2309 http cache path-key@https://registry.npmjs.org/path-key/-/path-key-3.1.1.tgz 0ms (cache hit)
2310 http cache color-name@https://registry.npmjs.org/color-name/-/color-name-1.1.4.tgz 0ms (cache hit)
2311 http cache color-convert@https://registry.npmjs.org/color-convert/-/color-convert-2.0.1.tgz 0ms (cache hit)
2312 http cache ansi-styles@https://registry.npmjs.org/ansi-styles/-/ansi-styles-4.3.0.tgz 0ms (cache hit)
2313 http cache supports-color@https://registry.npmjs.org/supports-color/-/supports-color-7.2.0.tgz 0ms (cache hit)
2314 http cache @humanfs/types@https://registry.npmjs.org/@humanfs/types/-/types-0.15.0.tgz 0ms (cache hit)
2315 http cache uri-js@https://registry.npmjs.org/uri-js/-/uri-js-4.4.1.tgz 0ms (cache hit)
2316 http cache json-schema-traverse@https://registry.npmjs.org/json-schema-traverse/-/json-schema-traverse-0.4.1.tgz 0ms (cache hit)
2317 http cache fast-json-stable-stringify@https://registry.npmjs.org/fast-json-stable-stringify/-/fast-json-stable-stringify-2.1.0.tgz 0ms (cache hit)
2318 http cache @humanfs/core@https://registry.npmjs.org/@humanfs/core/-/core-0.19.2.tgz 0ms (cache hit)
2319 http cache levn@https://registry.npmjs.org/levn/-/levn-0.4.1.tgz 0ms (cache hit)
2320 http cache js-yaml@https://registry.npmjs.org/js-yaml/-/js-yaml-4.3.2.tgz 0ms (cache hit)
2321 http cache strip-json-comments@https://registry.npmjs.org/strip-json-comments/-/strip-json-comments-3.1.1.tgz 0ms (cache hit)
2322 http cache import-fresh@https://registry.npmjs.org/import-fresh/-/import-fresh-3.3.1.tgz 0ms (cache hit)
2323 http cache @types/json-schema@https://registry.npmjs.org/@types/json-schema/-/json-schema-7.0.15.tgz 0ms (cache hit)
2324 http cache @eslint/object-schema@https://registry.npmjs.org/@eslint/object-schema/-/object-schema-2.1.7.tgz 0ms (cache hit)
2325 http cache globals@https://registry.npmjs.org/globals/-/globals-14.0.0.tgz 0ms (cache hit)
2326 http cache optionator@https://registry.npmjs.org/optionator/-/optionator-0.9.4.tgz 0ms (cache hit)
2327 http cache natural-compare@https://registry.npmjs.org/natural-compare/-/natural-compare-1.4.0.tgz 0ms (cache hit)
2328 http cache minimatch@https://registry.npmjs.org/minimatch/-/minimatch-3.1.5.tgz 0ms (cache hit)
2329 http cache lodash.merge@https://registry.npmjs.org/lodash.merge/-/lodash.merge-4.6.2.tgz 0ms (cache hit)
2330 http cache json-stable-stringify-without-jsonify@https://registry.npmjs.org/json-stable-stringify-without-jsonify/-/json-stable-stringify-without-jsonify-1.0.1.tgz 0ms (cache hit)
2331 http cache is-glob@https://registry.npmjs.org/is-glob/-/is-glob-4.0.3.tgz 0ms (cache hit)
2332 http cache imurmurhash@https://registry.npmjs.org/imurmurhash/-/imurmurhash-0.1.4.tgz 0ms (cache hit)
2333 http cache ignore@https://registry.npmjs.org/ignore/-/ignore-5.3.2.tgz 0ms (cache hit)
2334 http cache glob-parent@https://registry.npmjs.org/glob-parent/-/glob-parent-6.0.2.tgz 0ms (cache hit)
2335 http cache find-up@https://registry.npmjs.org/find-up/-/find-up-5.0.0.tgz 0ms (cache hit)
2336 http cache file-entry-cache@https://registry.npmjs.org/file-entry-cache/-/file-entry-cache-8.0.0.tgz 0ms (cache hit)
2337 http cache fast-deep-equal@https://registry.npmjs.org/fast-deep-equal/-/fast-deep-equal-3.1.3.tgz 0ms (cache hit)
2338 http cache esutils@https://registry.npmjs.org/esutils/-/esutils-2.0.3.tgz 0ms (cache hit)
2339 http cache espree@https://registry.npmjs.org/espree/-/espree-10.4.0.tgz 0ms (cache hit)
2340 http cache eslint-visitor-keys@https://registry.npmjs.org/eslint-visitor-keys/-/eslint-visitor-keys-4.2.1.tgz 0ms (cache hit)
2341 http cache esquery@https://registry.npmjs.org/esquery/-/esquery-1.7.0.tgz 0ms (cache hit)
2342 http cache eslint-scope@https://registry.npmjs.org/eslint-scope/-/eslint-scope-8.4.0.tgz 0ms (cache hit)
2343 http cache debug@https://registry.npmjs.org/debug/-/debug-4.4.3.tgz 0ms (cache hit)
2344 http cache escape-string-regexp@https://registry.npmjs.org/escape-string-regexp/-/escape-string-regexp-4.0.0.tgz 0ms (cache hit)
2345 http cache @types/estree@https://registry.npmjs.org/@types/estree/-/estree-1.0.9.tgz 0ms (cache hit)
2346 http cache @humanwhocodes/retry@https://registry.npmjs.org/@humanwhocodes/retry/-/retry-0.4.3.tgz 0ms (cache hit)
2347 http cache chalk@https://registry.npmjs.org/chalk/-/chalk-4.1.2.tgz 0ms (cache hit)
2348 http cache @humanwhocodes/module-importer@https://registry.npmjs.org/@humanwhocodes/module-importer/-/module-importer-1.0.1.tgz 0ms (cache hit)
2349 http cache cross-spawn@https://registry.npmjs.org/cross-spawn/-/cross-spawn-7.0.6.tgz 0ms (cache hit)
2350 http cache ajv@https://registry.npmjs.org/ajv/-/ajv-6.15.0.tgz 1ms (cache hit)
2351 http cache @humanfs/node@https://registry.npmjs.org/@humanfs/node/-/node-0.16.8.tgz 0ms (cache hit)
2352 http cache @eslint/plugin-kit@https://registry.npmjs.org/@eslint/plugin-kit/-/plugin-kit-0.4.1.tgz 0ms (cache hit)
2353 http cache @eslint/js@https://registry.npmjs.org/@eslint/js/-/js-9.39.5.tgz 0ms (cache hit)
2354 http cache @eslint/eslintrc@https://registry.npmjs.org/@eslint/eslintrc/-/eslintrc-3.3.7.tgz 0ms (cache hit)
2355 http cache @eslint/core@https://registry.npmjs.org/@eslint/core/-/core-0.17.0.tgz 0ms (cache hit)
2356 http cache @eslint/config-helpers@https://registry.npmjs.org/@eslint/config-helpers/-/config-helpers-0.4.2.tgz 0ms (cache hit)
2357 http cache @eslint/config-array@https://registry.npmjs.org/@eslint/config-array/-/config-array-0.21.2.tgz 0ms (cache hit)
2358 http cache @eslint-community/regexpp@https://registry.npmjs.org/@eslint-community/regexpp/-/regexpp-4.12.2.tgz 0ms (cache hit)
2359 http cache @eslint-community/eslint-utils@https://registry.npmjs.org/@eslint-community/eslint-utils/-/eslint-utils-4.10.1.tgz 0ms (cache hit)
2360 http cache @supabase/phoenix@https://registry.npmjs.org/@supabase/phoenix/-/phoenix-0.4.5.tgz 0ms (cache hit)
2361 http cache iceberg-js@https://registry.npmjs.org/iceberg-js/-/iceberg-js-0.8.1.tgz 0ms (cache hit)
2362 http cache tslib@https://registry.npmjs.org/tslib/-/tslib-2.8.1.tgz 0ms (cache hit)
2363 http cache @supabase/storage-js@https://registry.npmjs.org/@supabase/storage-js/-/storage-js-2.117.2.tgz 0ms (cache hit)
2364 http cache @supabase/realtime-js@https://registry.npmjs.org/@supabase/realtime-js/-/realtime-js-2.117.2.tgz 0ms (cache hit)
2365 http cache @supabase/postgrest-js@https://registry.npmjs.org/@supabase/postgrest-js/-/postgrest-js-2.117.2.tgz 0ms (cache hit)
2366 http cache @supabase/functions-js@https://registry.npmjs.org/@supabase/functions-js/-/functions-js-2.117.2.tgz 0ms (cache hit)
2367 http cache @supabase/auth-js@https://registry.npmjs.org/@supabase/auth-js/-/auth-js-2.117.2.tgz 0ms (cache hit)
2368 http cache cookie@https://registry.npmjs.org/cookie/-/cookie-0.7.2.tgz 0ms (cache hit)
2369 http cache @types/cookie@https://registry.npmjs.org/@types/cookie/-/cookie-0.6.0.tgz 0ms (cache hit)
2370 http cache react-dom@https://registry.npmjs.org/react-dom/-/react-dom-19.3.0.tgz 0ms (cache hit)
2371 http cache next@https://registry.npmjs.org/next/-/next-15.5.26.tgz 0ms (cache hit)
2372 http cache react@https://registry.npmjs.org/react/-/react-19.3.0.tgz 1ms (cache hit)
2373 http cache lucide-react@https://registry.npmjs.org/lucide-react/-/lucide-react-0.468.0.tgz 0ms (cache hit)
2374 http cache eslint-config-next@https://registry.npmjs.org/eslint-config-next/-/eslint-config-next-15.5.26.tgz 0ms (cache hit)
2375 http cache eslint@https://registry.npmjs.org/eslint/-/eslint-9.39.5.tgz 0ms (cache hit)
2376 http cache @supabase/supabase-js@https://registry.npmjs.org/@supabase/supabase-js/-/supabase-js-2.117.2.tgz 0ms (cache hit)
2377 http cache @supabase/ssr@https://registry.npmjs.org/@supabase/ssr/-/ssr-0.5.2.tgz 0ms (cache hit)
2378 http cache debug@https://registry.npmjs.org/debug/-/debug-3.2.7.tgz 0ms (cache hit)
2379 http cache picomatch@https://registry.npmjs.org/picomatch/-/picomatch-4.0.7.tgz 0ms (cache hit)
2380 http cache semver@https://registry.npmjs.org/semver/-/semver-6.3.1.tgz 0ms (cache hit)
2381 http cache fdir@https://registry.npmjs.org/fdir/-/fdir-6.5.0.tgz 0ms (cache hit)
2382 http cache balanced-match@https://registry.npmjs.org/balanced-match/-/balanced-match-4.0.4.tgz 0ms (cache hit)
2383 http cache brace-expansion@https://registry.npmjs.org/brace-expansion/-/brace-expansion-5.0.12.tgz 0ms (cache hit)
2384 http cache eslint-visitor-keys@https://registry.npmjs.org/eslint-visitor-keys/-/eslint-visitor-keys-5.0.1.tgz 0ms (cache hit)
2385 http cache minimatch@https://registry.npmjs.org/minimatch/-/minimatch-10.2.6.tgz 0ms (cache hit)
2386 http cache glob-parent@https://registry.npmjs.org/glob-parent/-/glob-parent-5.1.2.tgz 0ms (cache hit)
2387 http cache semver@https://registry.npmjs.org/semver/-/semver-6.3.1.tgz 0ms (cache hit)
2388 http cache debug@https://registry.npmjs.org/debug/-/debug-3.2.7.tgz 0ms (cache hit)
2389 http cache semver@https://registry.npmjs.org/semver/-/semver-6.3.1.tgz 0ms (cache hit)
2390 http cache debug@https://registry.npmjs.org/debug/-/debug-3.2.7.tgz 0ms (cache hit)
2391 http cache ignore@https://registry.npmjs.org/ignore/-/ignore-7.0.10.tgz 0ms (cache hit)
2392 silly tarball no local data for is-weakset@https://registry.npmjs.org/is-weakset/-/is-weakset-2.0.4.tgz. Extracting by manifest.
2393 silly tarball no local data for is-weakmap@https://registry.npmjs.org/is-weakmap/-/is-weakmap-2.0.2.tgz. Extracting by manifest.
2394 http cache eslint-visitor-keys@https://registry.npmjs.org/eslint-visitor-keys/-/eslint-visitor-keys-3.4.3.tgz 0ms (cache hit)
2395 silly tarball no local data for is-map@https://registry.npmjs.org/is-map/-/is-map-2.0.3.tgz. Extracting by manifest.
2396 silly tarball no local data for generator-function@https://registry.npmjs.org/generator-function/-/generator-function-2.0.1.tgz. Extracting by manifest.
2397 silly tarball no local data for async-function@https://registry.npmjs.org/async-function/-/async-function-1.0.0.tgz. Extracting by manifest.
2398 silly tarball no local data for which-collection@https://registry.npmjs.org/which-collection/-/which-collection-1.0.2.tgz. Extracting by manifest.
2399 silly tarball no local data for is-generator-function@https://registry.npmjs.org/is-generator-function/-/is-generator-function-1.1.2.tgz. Extracting by manifest.
2400 silly tarball no local data for is-finalizationregistry@https://registry.npmjs.org/is-finalizationregistry/-/is-finalizationregistry-1.1.1.tgz. Extracting by manifest.
2401 silly tarball no local data for is-async-function@https://registry.npmjs.org/is-async-function/-/is-async-function-2.1.1.tgz. Extracting by manifest.
2402 silly tarball no local data for is-number-object@https://registry.npmjs.org/is-number-object/-/is-number-object-1.1.1.tgz. Extracting by manifest.
2403 silly tarball no local data for is-boolean-object@https://registry.npmjs.org/is-boolean-object/-/is-boolean-object-1.2.2.tgz. Extracting by manifest.
2404 silly tarball no local data for is-bigint@https://registry.npmjs.org/is-bigint/-/is-bigint-1.1.0.tgz. Extracting by manifest.
2405 silly tarball no local data for @unrs/resolver-binding-win32-x64-msvc@https://registry.npmjs.org/@unrs/resolver-binding-win32-x64-msvc/-/resolver-binding-win32-x64-msvc-1.12.2.tgz. Extracting by manifest.
2406 silly tarball no local data for isexe@https://registry.npmjs.org/isexe/-/isexe-2.0.0.tgz. Extracting by manifest.
2407 silly tarball no local data for punycode@https://registry.npmjs.org/punycode/-/punycode-2.3.1.tgz. Extracting by manifest.
2408 silly tarball no local data for napi-postinstall@https://registry.npmjs.org/napi-postinstall/-/napi-postinstall-0.3.4.tgz. Extracting by manifest.
2409 silly tarball no local data for which-boxed-primitive@https://registry.npmjs.org/which-boxed-primitive/-/which-boxed-primitive-1.1.1.tgz. Extracting by manifest.
2410 silly tarball no local data for has-bigints@https://registry.npmjs.org/has-bigints/-/has-bigints-1.1.0.tgz. Extracting by manifest.
2411 silly tarball no local data for reflect.getprototypeof@https://registry.npmjs.org/reflect.getprototypeof/-/reflect.getprototypeof-1.0.10.tgz. Extracting by manifest.
2412 silly tarball no local data for which-builtin-type@https://registry.npmjs.org/which-builtin-type/-/which-builtin-type-1.2.1.tgz. Extracting by manifest.
2413 silly tarball no local data for for-each@https://registry.npmjs.org/for-each/-/for-each-0.3.5.tgz. Extracting by manifest.
2414 silly tarball no local data for @types/json5@https://registry.npmjs.org/@types/json5/-/json5-0.0.29.tgz. Extracting by manifest.
2415 silly tarball no local data for strip-bom@https://registry.npmjs.org/strip-bom/-/strip-bom-3.0.0.tgz. Extracting by manifest.
2416 silly tarball no local data for json5@https://registry.npmjs.org/json5/-/json5-1.0.2.tgz. Extracting by manifest.
2417 silly tarball no local data for minimist@https://registry.npmjs.org/minimist/-/minimist-1.2.8.tgz. Extracting by manifest.
2418 silly tarball no local data for is-number@https://registry.npmjs.org/is-number/-/is-number-7.0.0.tgz. Extracting by manifest.
2419 silly tarball no local data for client-only@https://registry.npmjs.org/client-only/-/client-only-0.0.1.tgz. Extracting by manifest.
2420 silly tarball no local data for has-flag@https://registry.npmjs.org/has-flag/-/has-flag-4.0.0.tgz. Extracting by manifest.
2421 silly tarball no local data for side-channel-weakmap@https://registry.npmjs.org/side-channel-weakmap/-/side-channel-weakmap-1.0.2.tgz. Extracting by manifest.
2422 silly tarball no local data for shebang-regex@https://registry.npmjs.org/shebang-regex/-/shebang-regex-3.0.0.tgz. Extracting by manifest.
2423 silly tarball no local data for side-channel-map@https://registry.npmjs.org/side-channel-map/-/side-channel-map-1.0.1.tgz. Extracting by manifest.
2424 silly tarball no local data for @img/sharp-win32-x64@https://registry.npmjs.org/@img/sharp-win32-x64/-/sharp-win32-x64-0.35.4.tgz. Extracting by manifest.
2425 silly tarball no local data for side-channel-list@https://registry.npmjs.org/side-channel-list/-/side-channel-list-1.0.1.tgz. Extracting by manifest.
2426 silly tarball no local data for detect-libc@https://registry.npmjs.org/detect-libc/-/detect-libc-2.1.2.tgz. Extracting by manifest.
2427 silly tarball no local data for isarray@https://registry.npmjs.org/isarray/-/isarray-2.0.5.tgz. Extracting by manifest.
2428 silly tarball no local data for @img/colour@https://registry.npmjs.org/@img/colour/-/colour-1.1.0.tgz. Extracting by manifest.
2429 silly tarball no local data for supports-preserve-symlinks-flag@https://registry.npmjs.org/supports-preserve-symlinks-flag/-/supports-preserve-symlinks-flag-1.0.0.tgz. Extracting by manifest.
2430 silly tarball no local data for queue-microtask@https://registry.npmjs.org/queue-microtask/-/queue-microtask-1.2.3.tgz. Extracting by manifest.
2431 silly tarball no local data for path-parse@https://registry.npmjs.org/path-parse/-/path-parse-1.0.7.tgz. Extracting by manifest.
2432 silly tarball no local data for js-tokens@https://registry.npmjs.org/js-tokens/-/js-tokens-4.0.0.tgz. Extracting by manifest.
2433 silly tarball no local data for node-exports-info@https://registry.npmjs.org/node-exports-info/-/node-exports-info-1.6.2.tgz. Extracting by manifest.
2434 silly tarball no local data for scheduler@https://registry.npmjs.org/scheduler/-/scheduler-0.28.0.tgz. Extracting by manifest.
2435 silly tarball no local data for react-is@https://registry.npmjs.org/react-is/-/react-is-16.13.1.tgz. Extracting by manifest.
2436 silly tarball no local data for object-assign@https://registry.npmjs.org/object-assign/-/object-assign-4.1.1.tgz. Extracting by manifest.
2437 silly tarball no local data for source-map-js@https://registry.npmjs.org/source-map-js/-/source-map-js-1.2.1.tgz. Extracting by manifest.
2438 silly tarball no local data for picocolors@https://registry.npmjs.org/picocolors/-/picocolors-1.1.1.tgz. Extracting by manifest.
2439 silly tarball no local data for nanoid@https://registry.npmjs.org/nanoid/-/nanoid-3.3.19.tgz. Extracting by manifest.
2440 silly tarball no local data for p-limit@https://registry.npmjs.org/p-limit/-/p-limit-3.1.0.tgz. Extracting by manifest.
2441 silly tarball no local data for callsites@https://registry.npmjs.org/callsites/-/callsites-3.1.0.tgz. Extracting by manifest.
2442 silly tarball no local data for yocto-queue@https://registry.npmjs.org/yocto-queue/-/yocto-queue-0.1.0.tgz. Extracting by manifest.
2443 silly tarball no local data for word-wrap@https://registry.npmjs.org/word-wrap/-/word-wrap-1.2.5.tgz. Extracting by manifest.
2444 silly tarball no local data for fast-levenshtein@https://registry.npmjs.org/fast-levenshtein/-/fast-levenshtein-2.0.6.tgz. Extracting by manifest.
2445 silly tarball no local data for deep-is@https://registry.npmjs.org/deep-is/-/deep-is-0.1.4.tgz. Extracting by manifest.
2446 silly tarball no local data for styled-jsx@https://registry.npmjs.org/styled-jsx/-/styled-jsx-5.1.6.tgz. Extracting by manifest.
2447 silly tarball no local data for sharp@https://registry.npmjs.org/sharp/-/sharp-0.35.4.tgz. Extracting by manifest.
2448 silly tarball no local data for @swc/helpers@https://registry.npmjs.org/@swc/helpers/-/helpers-0.5.15.tgz. Extracting by manifest.
2449 silly tarball no local data for postcss@https://registry.npmjs.org/postcss/-/postcss-8.4.31.tgz. Extracting by manifest.
2450 silly tarball no local data for caniuse-lite@https://registry.npmjs.org/caniuse-lite/-/caniuse-lite-1.0.30001812.tgz. Extracting by manifest.
2451 silly tarball no local data for @next/swc-win32-x64-msvc@https://registry.npmjs.org/@next/swc-win32-x64-msvc/-/swc-win32-x64-msvc-15.5.26.tgz. Extracting by manifest.
2452 silly tarball no local data for @next/env@https://registry.npmjs.org/@next/env/-/env-15.5.26.tgz. Extracting by manifest.
2453 silly tarball no local data for concat-map@https://registry.npmjs.org/concat-map/-/concat-map-0.0.1.tgz. Extracting by manifest.
2454 silly tarball no local data for balanced-match@https://registry.npmjs.org/balanced-match/-/balanced-match-1.0.2.tgz. Extracting by manifest.
2455 silly tarball no local data for brace-expansion@https://registry.npmjs.org/brace-expansion/-/brace-expansion-1.1.21.tgz. Extracting by manifest.
2456 silly tarball no local data for to-regex-range@https://registry.npmjs.org/to-regex-range/-/to-regex-range-5.0.1.tgz. Extracting by manifest.
2457 silly tarball no local data for fill-range@https://registry.npmjs.org/fill-range/-/fill-range-7.1.1.tgz. Extracting by manifest.
2458 silly tarball no local data for braces@https://registry.npmjs.org/braces/-/braces-3.0.3.tgz. Extracting by manifest.
2459 silly tarball no local data for picomatch@https://registry.npmjs.org/picomatch/-/picomatch-2.3.2.tgz. Extracting by manifest.
2460 silly tarball no local data for p-locate@https://registry.npmjs.org/p-locate/-/p-locate-5.0.0.tgz. Extracting by manifest.
2461 silly tarball no local data for type-check@https://registry.npmjs.org/type-check/-/type-check-0.4.0.tgz. Extracting by manifest.
2462 silly tarball no local data for language-subtag-registry@https://registry.npmjs.org/language-subtag-registry/-/language-subtag-registry-0.3.23.tgz. Extracting by manifest.
2463 silly tarball no local data for prelude-ls@https://registry.npmjs.org/prelude-ls/-/prelude-ls-1.2.1.tgz. Extracting by manifest.
2464 silly tarball no local data for json-buffer@https://registry.npmjs.org/json-buffer/-/json-buffer-3.0.1.tgz. Extracting by manifest.
2465 silly tarball no local data for argparse@https://registry.npmjs.org/argparse/-/argparse-2.0.1.tgz. Extracting by manifest.
2466 silly tarball no local data for set-function-name@https://registry.npmjs.org/set-function-name/-/set-function-name-2.0.2.tgz. Extracting by manifest.
2467 silly tarball no local data for is-extglob@https://registry.npmjs.org/is-extglob/-/is-extglob-2.1.1.tgz. Extracting by manifest.
2468 silly tarball no local data for side-channel@https://registry.npmjs.org/side-channel/-/side-channel-1.1.1.tgz. Extracting by manifest.
2469 silly tarball no local data for resolve-from@https://registry.npmjs.org/resolve-from/-/resolve-from-4.0.0.tgz. Extracting by manifest.
2470 silly tarball no local data for dunder-proto@https://registry.npmjs.org/dunder-proto/-/dunder-proto-1.0.1.tgz. Extracting by manifest.
2471 silly tarball no local data for parent-module@https://registry.npmjs.org/parent-module/-/parent-module-1.0.1.tgz. Extracting by manifest.
2472 silly tarball no local data for is-document.all@https://registry.npmjs.org/is-document.all/-/is-document.all-1.0.0.tgz. Extracting by manifest.
2473 silly tarball no local data for resolve-pkg-maps@https://registry.npmjs.org/resolve-pkg-maps/-/resolve-pkg-maps-1.0.0.tgz. Extracting by manifest.
2474 silly tarball no local data for functions-have-names@https://registry.npmjs.org/functions-have-names/-/functions-have-names-1.2.3.tgz. Extracting by manifest.
2475 silly tarball no local data for flatted@https://registry.npmjs.org/flatted/-/flatted-3.4.4.tgz. Extracting by manifest.
2476 silly tarball no local data for keyv@https://registry.npmjs.org/keyv/-/keyv-4.5.4.tgz. Extracting by manifest.
2477 silly tarball no local data for path-exists@https://registry.npmjs.org/path-exists/-/path-exists-4.0.0.tgz. Extracting by manifest.
2478 silly tarball no local data for locate-path@https://registry.npmjs.org/locate-path/-/locate-path-6.0.0.tgz. Extracting by manifest.
2479 silly tarball no local data for flat-cache@https://registry.npmjs.org/flat-cache/-/flat-cache-4.0.1.tgz. Extracting by manifest.
2480 silly tarball no local data for reusify@https://registry.npmjs.org/reusify/-/reusify-1.1.0.tgz. Extracting by manifest.
2481 silly tarball no local data for fastq@https://registry.npmjs.org/fastq/-/fastq-1.20.3.tgz. Extracting by manifest.
2482 silly tarball no local data for run-parallel@https://registry.npmjs.org/run-parallel/-/run-parallel-1.2.0.tgz. Extracting by manifest.
2483 silly tarball no local data for @nodelib/fs.scandir@https://registry.npmjs.org/@nodelib/fs.scandir/-/fs.scandir-2.1.5.tgz. Extracting by manifest.
2484 silly tarball no local data for micromatch@https://registry.npmjs.org/micromatch/-/micromatch-4.0.8.tgz. Extracting by manifest.
2485 silly tarball no local data for merge2@https://registry.npmjs.org/merge2/-/merge2-1.4.1.tgz. Extracting by manifest.
2486 silly tarball no local data for @nodelib/fs.walk@https://registry.npmjs.org/@nodelib/fs.walk/-/fs.walk-1.2.8.tgz. Extracting by manifest.
2487 silly tarball no local data for acorn-jsx@https://registry.npmjs.org/acorn-jsx/-/acorn-jsx-5.3.2.tgz. Extracting by manifest.
2488 silly tarball no local data for @nodelib/fs.stat@https://registry.npmjs.org/@nodelib/fs.stat/-/fs.stat-2.0.5.tgz. Extracting by manifest.
2489 silly tarball no local data for acorn@https://registry.npmjs.org/acorn/-/acorn-8.18.0.tgz. Extracting by manifest.
2490 silly tarball no local data for esrecurse@https://registry.npmjs.org/esrecurse/-/esrecurse-4.3.0.tgz. Extracting by manifest.
2491 silly tarball no local data for iterator.prototype@https://registry.npmjs.org/iterator.prototype/-/iterator.prototype-1.1.5.tgz. Extracting by manifest.
2492 silly tarball no local data for string.prototype.repeat@https://registry.npmjs.org/string.prototype.repeat/-/string.prototype.repeat-1.0.0.tgz. Extracting by manifest.
2493 silly tarball no local data for string.prototype.matchall@https://registry.npmjs.org/string.prototype.matchall/-/string.prototype.matchall-4.1.0.tgz. Extracting by manifest.
2494 silly tarball no local data for prop-types@https://registry.npmjs.org/prop-types/-/prop-types-15.8.1.tgz. Extracting by manifest.
2495 silly tarball no local data for estraverse@https://registry.npmjs.org/estraverse/-/estraverse-5.3.0.tgz. Extracting by manifest.
2496 silly tarball no local data for object.entries@https://registry.npmjs.org/object.entries/-/object.entries-1.1.9.tgz. Extracting by manifest.
2497 silly tarball no local data for es-iterator-helpers@https://registry.npmjs.org/es-iterator-helpers/-/es-iterator-helpers-1.4.0.tgz. Extracting by manifest.
2498 silly tarball no local data for array.prototype.tosorted@https://registry.npmjs.org/array.prototype.tosorted/-/array.prototype.tosorted-1.1.4.tgz. Extracting by manifest.
2499 silly tarball no local data for array.prototype.findlast@https://registry.npmjs.org/array.prototype.findlast/-/array.prototype.findlast-1.2.5.tgz. Extracting by manifest.
2500 silly tarball no local data for string.prototype.includes@https://registry.npmjs.org/string.prototype.includes/-/string.prototype.includes-2.0.1.tgz. Extracting by manifest.
2501 silly tarball no local data for jsx-ast-utils@https://registry.npmjs.org/jsx-ast-utils/-/jsx-ast-utils-3.3.5.tgz. Extracting by manifest.
2502 silly tarball no local data for loose-envify@https://registry.npmjs.org/loose-envify/-/loose-envify-1.4.0.tgz. Extracting by manifest.
2503 silly tarball no local data for language-tags@https://registry.npmjs.org/language-tags/-/language-tags-1.0.9.tgz. Extracting by manifest.
2504 silly tarball no local data for damerau-levenshtein@https://registry.npmjs.org/damerau-levenshtein/-/damerau-levenshtein-1.0.8.tgz. Extracting by manifest.
2505 silly tarball no local data for emoji-regex@https://registry.npmjs.org/emoji-regex/-/emoji-regex-9.2.2.tgz. Extracting by manifest.
2506 silly tarball no local data for ast-types-flow@https://registry.npmjs.org/ast-types-flow/-/ast-types-flow-0.0.8.tgz. Extracting by manifest.
2507 silly tarball no local data for axobject-query@https://registry.npmjs.org/axobject-query/-/axobject-query-4.1.0.tgz. Extracting by manifest.
2508 silly tarball no local data for axe-core@https://registry.npmjs.org/axe-core/-/axe-core-4.13.0.tgz. Extracting by manifest.
2509 silly tarball no local data for aria-query@https://registry.npmjs.org/aria-query/-/aria-query-5.3.2.tgz. Extracting by manifest.
2510 silly tarball no local data for is-symbol@https://registry.npmjs.org/is-symbol/-/is-symbol-1.1.1.tgz. Extracting by manifest.
2511 silly tarball no local data for is-date-object@https://registry.npmjs.org/is-date-object/-/is-date-object-1.1.0.tgz. Extracting by manifest.
2512 silly tarball no local data for es-abstract-get@https://registry.npmjs.org/es-abstract-get/-/es-abstract-get-1.0.0.tgz. Extracting by manifest.
2513 silly tarball no local data for possible-typed-array-names@https://registry.npmjs.org/possible-typed-array-names/-/possible-typed-array-names-1.1.0.tgz. Extracting by manifest.
2514 silly tarball no local data for has-tostringtag@https://registry.npmjs.org/has-tostringtag/-/has-tostringtag-1.0.2.tgz. Extracting by manifest.
2515 silly tarball no local data for unbox-primitive@https://registry.npmjs.org/unbox-primitive/-/unbox-primitive-1.1.0.tgz. Extracting by manifest.
2516 silly tarball no local data for which-typed-array@https://registry.npmjs.org/which-typed-array/-/which-typed-array-1.1.24.tgz. Extracting by manifest.
2517 silly tarball no local data for typed-array-length@https://registry.npmjs.org/typed-array-length/-/typed-array-length-1.0.8.tgz. Extracting by manifest.
2518 silly tarball no local data for typed-array-byte-offset@https://registry.npmjs.org/typed-array-byte-offset/-/typed-array-byte-offset-1.0.5.tgz. Extracting by manifest.
2519 silly tarball no local data for typed-array-byte-length@https://registry.npmjs.org/typed-array-byte-length/-/typed-array-byte-length-1.0.3.tgz. Extracting by manifest.
2520 silly tarball no local data for typed-array-buffer@https://registry.npmjs.org/typed-array-buffer/-/typed-array-buffer-1.0.3.tgz. Extracting by manifest.
2521 silly tarball no local data for string.prototype.trimstart@https://registry.npmjs.org/string.prototype.trimstart/-/string.prototype.trimstart-1.0.8.tgz. Extracting by manifest.
2522 silly tarball no local data for string.prototype.trim@https://registry.npmjs.org/string.prototype.trim/-/string.prototype.trim-1.2.11.tgz. Extracting by manifest.
2523 silly tarball no local data for set-proto@https://registry.npmjs.org/set-proto/-/set-proto-1.0.0.tgz. Extracting by manifest.
2524 silly tarball no local data for stop-iteration-iterator@https://registry.npmjs.org/stop-iteration-iterator/-/stop-iteration-iterator-1.1.0.tgz. Extracting by manifest.
2525 silly tarball no local data for safe-regex-test@https://registry.npmjs.org/safe-regex-test/-/safe-regex-test-1.1.0.tgz. Extracting by manifest.
2526 silly tarball no local data for safe-push-apply@https://registry.npmjs.org/safe-push-apply/-/safe-push-apply-1.0.0.tgz. Extracting by manifest.
2527 silly tarball no local data for safe-array-concat@https://registry.npmjs.org/safe-array-concat/-/safe-array-concat-1.1.4.tgz. Extracting by manifest.
2528 silly tarball no local data for regexp.prototype.flags@https://registry.npmjs.org/regexp.prototype.flags/-/regexp.prototype.flags-1.5.4.tgz. Extracting by manifest.
2529 silly tarball no local data for own-keys@https://registry.npmjs.org/own-keys/-/own-keys-1.0.2.tgz. Extracting by manifest.
2530 silly tarball no local data for object.assign@https://registry.npmjs.org/object.assign/-/object.assign-4.1.7.tgz. Extracting by manifest.
2531 silly tarball no local data for object-inspect@https://registry.npmjs.org/object-inspect/-/object-inspect-1.13.4.tgz. Extracting by manifest.
2532 silly tarball no local data for is-weakref@https://registry.npmjs.org/is-weakref/-/is-weakref-1.1.1.tgz. Extracting by manifest.
2533 silly tarball no local data for is-typed-array@https://registry.npmjs.org/is-typed-array/-/is-typed-array-1.1.15.tgz. Extracting by manifest.
2534 silly tarball no local data for is-shared-array-buffer@https://registry.npmjs.org/is-shared-array-buffer/-/is-shared-array-buffer-1.0.4.tgz. Extracting by manifest.
2535 silly tarball no local data for is-set@https://registry.npmjs.org/is-set/-/is-set-2.0.3.tgz. Extracting by manifest.
2536 silly tarball no local data for is-regex@https://registry.npmjs.org/is-regex/-/is-regex-1.2.1.tgz. Extracting by manifest.
2537 silly tarball no local data for is-negative-zero@https://registry.npmjs.org/is-negative-zero/-/is-negative-zero-2.0.3.tgz. Extracting by manifest.
2538 silly tarball no local data for is-data-view@https://registry.npmjs.org/is-data-view/-/is-data-view-1.0.2.tgz. Extracting by manifest.
2539 silly tarball no local data for is-callable@https://registry.npmjs.org/is-callable/-/is-callable-1.2.7.tgz. Extracting by manifest.
2540 silly tarball no local data for is-array-buffer@https://registry.npmjs.org/is-array-buffer/-/is-array-buffer-3.0.5.tgz. Extracting by manifest.
2541 silly tarball no local data for internal-slot@https://registry.npmjs.org/internal-slot/-/internal-slot-1.1.0.tgz. Extracting by manifest.
2542 silly tarball no local data for has-symbols@https://registry.npmjs.org/has-symbols/-/has-symbols-1.1.0.tgz. Extracting by manifest.
2543 silly tarball no local data for has-proto@https://registry.npmjs.org/has-proto/-/has-proto-1.2.0.tgz. Extracting by manifest.
2544 silly tarball no local data for globalthis@https://registry.npmjs.org/globalthis/-/globalthis-1.0.4.tgz. Extracting by manifest.
2545 silly tarball no local data for get-symbol-description@https://registry.npmjs.org/get-symbol-description/-/get-symbol-description-1.1.0.tgz. Extracting by manifest.
2546 silly tarball no local data for get-proto@https://registry.npmjs.org/get-proto/-/get-proto-1.0.1.tgz. Extracting by manifest.
2547 silly tarball no local data for function.prototype.name@https://registry.npmjs.org/function.prototype.name/-/function.prototype.name-1.2.0.tgz. Extracting by manifest.
2548 silly tarball no local data for es-to-primitive@https://registry.npmjs.org/es-to-primitive/-/es-to-primitive-1.3.4.tgz. Extracting by manifest.
2549 silly tarball no local data for es-set-tostringtag@https://registry.npmjs.org/es-set-tostringtag/-/es-set-tostringtag-2.1.0.tgz. Extracting by manifest.
2550 silly tarball no local data for data-view-byte-offset@https://registry.npmjs.org/data-view-byte-offset/-/data-view-byte-offset-1.0.1.tgz. Extracting by manifest.
2551 silly tarball no local data for data-view-byte-length@https://registry.npmjs.org/data-view-byte-length/-/data-view-byte-length-1.0.2.tgz. Extracting by manifest.
2552 silly tarball no local data for data-view-buffer@https://registry.npmjs.org/data-view-buffer/-/data-view-buffer-1.0.2.tgz. Extracting by manifest.
2553 silly tarball no local data for available-typed-arrays@https://registry.npmjs.org/available-typed-arrays/-/available-typed-arrays-1.0.7.tgz. Extracting by manifest.
2554 silly tarball no local data for arraybuffer.prototype.slice@https://registry.npmjs.org/arraybuffer.prototype.slice/-/arraybuffer.prototype.slice-1.0.4.tgz. Extracting by manifest.
2555 silly tarball no local data for gopd@https://registry.npmjs.org/gopd/-/gopd-1.2.0.tgz. Extracting by manifest.
2556 silly tarball no local data for array-buffer-byte-length@https://registry.npmjs.org/array-buffer-byte-length/-/array-buffer-byte-length-1.0.2.tgz. Extracting by manifest.
2557 silly tarball no local data for object-keys@https://registry.npmjs.org/object-keys/-/object-keys-1.1.1.tgz. Extracting by manifest.
2558 silly tarball no local data for has-property-descriptors@https://registry.npmjs.org/has-property-descriptors/-/has-property-descriptors-1.0.2.tgz. Extracting by manifest.
2559 silly tarball no local data for define-data-property@https://registry.npmjs.org/define-data-property/-/define-data-property-1.1.4.tgz. Extracting by manifest.
2560 silly tarball no local data for set-function-length@https://registry.npmjs.org/set-function-length/-/set-function-length-1.2.2.tgz. Extracting by manifest.
2561 silly tarball no local data for function-bind@https://registry.npmjs.org/function-bind/-/function-bind-1.1.2.tgz. Extracting by manifest.
2562 silly tarball no local data for get-intrinsic@https://registry.npmjs.org/get-intrinsic/-/get-intrinsic-1.3.0.tgz. Extracting by manifest.
2563 silly tarball no local data for es-define-property@https://registry.npmjs.org/es-define-property/-/es-define-property-1.0.1.tgz. Extracting by manifest.
2564 silly tarball no local data for call-bind-apply-helpers@https://registry.npmjs.org/call-bind-apply-helpers/-/call-bind-apply-helpers-1.0.2.tgz. Extracting by manifest.
2565 silly tarball no local data for math-intrinsics@https://registry.npmjs.org/math-intrinsics/-/math-intrinsics-1.1.0.tgz. Extracting by manifest.
2566 silly tarball no local data for is-string@https://registry.npmjs.org/is-string/-/is-string-1.1.1.tgz. Extracting by manifest.
2567 silly tarball no local data for es-object-atoms@https://registry.npmjs.org/es-object-atoms/-/es-object-atoms-1.1.2.tgz. Extracting by manifest.
2568 silly tarball no local data for es-shim-unscopables@https://registry.npmjs.org/es-shim-unscopables/-/es-shim-unscopables-1.1.0.tgz. Extracting by manifest.
2569 silly tarball no local data for es-abstract@https://registry.npmjs.org/es-abstract/-/es-abstract-1.24.2.tgz. Extracting by manifest.
2570 silly tarball no local data for define-properties@https://registry.npmjs.org/define-properties/-/define-properties-1.2.1.tgz. Extracting by manifest.
2571 silly tarball no local data for call-bind@https://registry.npmjs.org/call-bind/-/call-bind-1.0.9.tgz. Extracting by manifest.
2572 silly tarball no local data for call-bound@https://registry.npmjs.org/call-bound/-/call-bound-1.0.4.tgz. Extracting by manifest.
2573 silly tarball no local data for tsconfig-paths@https://registry.npmjs.org/tsconfig-paths/-/tsconfig-paths-3.15.0.tgz. Extracting by manifest.
2574 silly tarball no local data for object.values@https://registry.npmjs.org/object.values/-/object.values-1.2.1.tgz. Extracting by manifest.
2575 silly tarball no local data for object.groupby@https://registry.npmjs.org/object.groupby/-/object.groupby-1.0.3.tgz. Extracting by manifest.
2576 silly tarball no local data for string.prototype.trimend@https://registry.npmjs.org/string.prototype.trimend/-/string.prototype.trimend-1.0.10.tgz. Extracting by manifest.
2577 silly tarball no local data for object.fromentries@https://registry.npmjs.org/object.fromentries/-/object.fromentries-2.0.8.tgz. Extracting by manifest.
2578 silly tarball no local data for hasown@https://registry.npmjs.org/hasown/-/hasown-2.0.4.tgz. Extracting by manifest.
2579 silly tarball no local data for doctrine@https://registry.npmjs.org/doctrine/-/doctrine-2.1.0.tgz. Extracting by manifest.
2580 silly tarball no local data for array.prototype.flatmap@https://registry.npmjs.org/array.prototype.flatmap/-/array.prototype.flatmap-1.3.3.tgz. Extracting by manifest.
2581 silly tarball no local data for @rtsao/scc@https://registry.npmjs.org/@rtsao/scc/-/scc-1.1.0.tgz. Extracting by manifest.
2582 silly tarball no local data for eslint-module-utils@https://registry.npmjs.org/eslint-module-utils/-/eslint-module-utils-2.14.0.tgz. Extracting by manifest.
2583 silly tarball no local data for array-includes@https://registry.npmjs.org/array-includes/-/array-includes-3.2.0.tgz. Extracting by manifest.
2584 silly tarball no local data for unrs-resolver@https://registry.npmjs.org/unrs-resolver/-/unrs-resolver-1.12.2.tgz. Extracting by manifest.
2585 silly tarball no local data for stable-hash@https://registry.npmjs.org/stable-hash/-/stable-hash-0.0.5.tgz. Extracting by manifest.
2586 silly tarball no local data for is-bun-module@https://registry.npmjs.org/is-bun-module/-/is-bun-module-2.0.0.tgz. Extracting by manifest.
2587 silly tarball no local data for get-tsconfig@https://registry.npmjs.org/get-tsconfig/-/get-tsconfig-4.14.3.tgz. Extracting by manifest.
2588 silly tarball no local data for @nolyfill/is-core-module@https://registry.npmjs.org/@nolyfill/is-core-module/-/is-core-module-1.0.39.tgz. Extracting by manifest.
2589 silly tarball no local data for resolve@https://registry.npmjs.org/resolve/-/resolve-2.0.0-next.7.tgz. Extracting by manifest.
2590 silly tarball no local data for is-core-module@https://registry.npmjs.org/is-core-module/-/is-core-module-2.17.0.tgz. Extracting by manifest.
2591 silly tarball no local data for tinyglobby@https://registry.npmjs.org/tinyglobby/-/tinyglobby-0.2.17.tgz. Extracting by manifest.
2592 silly tarball no local data for semver@https://registry.npmjs.org/semver/-/semver-7.8.5.tgz. Extracting by manifest.
2593 silly tarball no local data for @typescript-eslint/tsconfig-utils@https://registry.npmjs.org/@typescript-eslint/tsconfig-utils/-/tsconfig-utils-8.70.1.tgz. Extracting by manifest.
2594 silly tarball no local data for array.prototype.findlastindex@https://registry.npmjs.org/array.prototype.findlastindex/-/array.prototype.findlastindex-1.2.6.tgz. Extracting by manifest.
2595 silly tarball no local data for @typescript-eslint/project-service@https://registry.npmjs.org/@typescript-eslint/project-service/-/project-service-8.70.1.tgz. Extracting by manifest.
2596 silly tarball no local data for @typescript-eslint/typescript-estree@https://registry.npmjs.org/@typescript-eslint/typescript-estree/-/typescript-estree-8.70.1.tgz. Extracting by manifest.
2597 silly tarball no local data for @typescript-eslint/types@https://registry.npmjs.org/@typescript-eslint/types/-/types-8.70.1.tgz. Extracting by manifest.
2598 silly tarball no local data for es-errors@https://registry.npmjs.org/es-errors/-/es-errors-1.3.0.tgz. Extracting by manifest.
2599 silly tarball no local data for ts-api-utils@https://registry.npmjs.org/ts-api-utils/-/ts-api-utils-2.5.0.tgz. Extracting by manifest.
2600 silly tarball no local data for @typescript-eslint/visitor-keys@https://registry.npmjs.org/@typescript-eslint/visitor-keys/-/visitor-keys-8.70.1.tgz. Extracting by manifest.
2601 silly tarball no local data for @typescript-eslint/utils@https://registry.npmjs.org/@typescript-eslint/utils/-/utils-8.70.1.tgz. Extracting by manifest.
2602 silly tarball no local data for @typescript-eslint/type-utils@https://registry.npmjs.org/@typescript-eslint/type-utils/-/type-utils-8.70.1.tgz. Extracting by manifest.
2603 silly tarball no local data for @typescript-eslint/scope-manager@https://registry.npmjs.org/@typescript-eslint/scope-manager/-/scope-manager-8.70.1.tgz. Extracting by manifest.
2604 silly tarball no local data for fast-glob@https://registry.npmjs.org/fast-glob/-/fast-glob-3.3.1.tgz. Extracting by manifest.
2605 silly tarball no local data for eslint-plugin-react-hooks@https://registry.npmjs.org/eslint-plugin-react-hooks/-/eslint-plugin-react-hooks-5.2.0.tgz. Extracting by manifest.
2606 silly tarball no local data for eslint-plugin-react@https://registry.npmjs.org/eslint-plugin-react/-/eslint-plugin-react-7.37.5.tgz. Extracting by manifest.
2607 silly tarball no local data for eslint-plugin-import@https://registry.npmjs.org/eslint-plugin-import/-/eslint-plugin-import-2.32.0.tgz. Extracting by manifest.
2608 silly tarball no local data for @typescript-eslint/parser@https://registry.npmjs.org/@typescript-eslint/parser/-/parser-8.70.1.tgz. Extracting by manifest.
2609 silly tarball no local data for eslint-import-resolver-node@https://registry.npmjs.org/eslint-import-resolver-node/-/eslint-import-resolver-node-0.3.10.tgz. Extracting by manifest.
2610 silly tarball no local data for @typescript-eslint/eslint-plugin@https://registry.npmjs.org/@typescript-eslint/eslint-plugin/-/eslint-plugin-8.70.1.tgz. Extracting by manifest.
2611 silly tarball no local data for eslint-import-resolver-typescript@https://registry.npmjs.org/eslint-import-resolver-typescript/-/eslint-import-resolver-typescript-3.10.1.tgz. Extracting by manifest.
2612 silly tarball no local data for typescript@https://registry.npmjs.org/typescript/-/typescript-6.0.3.tgz. Extracting by manifest.
2613 silly tarball no local data for @rushstack/eslint-patch@https://registry.npmjs.org/@rushstack/eslint-patch/-/eslint-patch-1.16.1.tgz. Extracting by manifest.
2614 silly tarball no local data for @next/eslint-plugin-next@https://registry.npmjs.org/@next/eslint-plugin-next/-/eslint-plugin-next-15.5.26.tgz. Extracting by manifest.
2615 silly tarball no local data for eslint-plugin-jsx-a11y@https://registry.npmjs.org/eslint-plugin-jsx-a11y/-/eslint-plugin-jsx-a11y-6.10.2.tgz. Extracting by manifest.
2616 silly tarball no local data for ms@https://registry.npmjs.org/ms/-/ms-2.1.3.tgz. Extracting by manifest.
2617 silly tarball no local data for which@https://registry.npmjs.org/which/-/which-2.0.2.tgz. Extracting by manifest.
2618 silly tarball no local data for array.prototype.flat@https://registry.npmjs.org/array.prototype.flat/-/array.prototype.flat-1.3.3.tgz. Extracting by manifest.
2619 silly tarball no local data for shebang-command@https://registry.npmjs.org/shebang-command/-/shebang-command-2.0.0.tgz. Extracting by manifest.
2620 silly tarball no local data for path-key@https://registry.npmjs.org/path-key/-/path-key-3.1.1.tgz. Extracting by manifest.
2621 silly tarball no local data for color-name@https://registry.npmjs.org/color-name/-/color-name-1.1.4.tgz. Extracting by manifest.
2622 silly tarball no local data for color-convert@https://registry.npmjs.org/color-convert/-/color-convert-2.0.1.tgz. Extracting by manifest.
2623 silly tarball no local data for ansi-styles@https://registry.npmjs.org/ansi-styles/-/ansi-styles-4.3.0.tgz. Extracting by manifest.
2624 silly tarball no local data for supports-color@https://registry.npmjs.org/supports-color/-/supports-color-7.2.0.tgz. Extracting by manifest.
2625 silly tarball no local data for @humanfs/types@https://registry.npmjs.org/@humanfs/types/-/types-0.15.0.tgz. Extracting by manifest.
2626 silly tarball no local data for uri-js@https://registry.npmjs.org/uri-js/-/uri-js-4.4.1.tgz. Extracting by manifest.
2627 silly tarball no local data for json-schema-traverse@https://registry.npmjs.org/json-schema-traverse/-/json-schema-traverse-0.4.1.tgz. Extracting by manifest.
2628 silly tarball no local data for fast-json-stable-stringify@https://registry.npmjs.org/fast-json-stable-stringify/-/fast-json-stable-stringify-2.1.0.tgz. Extracting by manifest.
2629 silly tarball no local data for @humanfs/core@https://registry.npmjs.org/@humanfs/core/-/core-0.19.2.tgz. Extracting by manifest.
2630 silly tarball no local data for levn@https://registry.npmjs.org/levn/-/levn-0.4.1.tgz. Extracting by manifest.
2631 silly tarball no local data for js-yaml@https://registry.npmjs.org/js-yaml/-/js-yaml-4.3.2.tgz. Extracting by manifest.
2632 silly tarball no local data for strip-json-comments@https://registry.npmjs.org/strip-json-comments/-/strip-json-comments-3.1.1.tgz. Extracting by manifest.
2633 silly tarball no local data for import-fresh@https://registry.npmjs.org/import-fresh/-/import-fresh-3.3.1.tgz. Extracting by manifest.
2634 silly tarball no local data for @types/json-schema@https://registry.npmjs.org/@types/json-schema/-/json-schema-7.0.15.tgz. Extracting by manifest.
2635 silly tarball no local data for @eslint/object-schema@https://registry.npmjs.org/@eslint/object-schema/-/object-schema-2.1.7.tgz. Extracting by manifest.
2636 silly tarball no local data for globals@https://registry.npmjs.org/globals/-/globals-14.0.0.tgz. Extracting by manifest.
2637 silly tarball no local data for optionator@https://registry.npmjs.org/optionator/-/optionator-0.9.4.tgz. Extracting by manifest.
2638 silly tarball no local data for natural-compare@https://registry.npmjs.org/natural-compare/-/natural-compare-1.4.0.tgz. Extracting by manifest.
2639 silly tarball no local data for minimatch@https://registry.npmjs.org/minimatch/-/minimatch-3.1.5.tgz. Extracting by manifest.
2640 silly tarball no local data for lodash.merge@https://registry.npmjs.org/lodash.merge/-/lodash.merge-4.6.2.tgz. Extracting by manifest.
2641 silly tarball no local data for json-stable-stringify-without-jsonify@https://registry.npmjs.org/json-stable-stringify-without-jsonify/-/json-stable-stringify-without-jsonify-1.0.1.tgz. Extracting by manifest.
2642 silly tarball no local data for is-glob@https://registry.npmjs.org/is-glob/-/is-glob-4.0.3.tgz. Extracting by manifest.
2643 silly tarball no local data for imurmurhash@https://registry.npmjs.org/imurmurhash/-/imurmurhash-0.1.4.tgz. Extracting by manifest.
2644 silly tarball no local data for ignore@https://registry.npmjs.org/ignore/-/ignore-5.3.2.tgz. Extracting by manifest.
2645 silly tarball no local data for glob-parent@https://registry.npmjs.org/glob-parent/-/glob-parent-6.0.2.tgz. Extracting by manifest.
2646 silly tarball no local data for find-up@https://registry.npmjs.org/find-up/-/find-up-5.0.0.tgz. Extracting by manifest.
2647 silly tarball no local data for file-entry-cache@https://registry.npmjs.org/file-entry-cache/-/file-entry-cache-8.0.0.tgz. Extracting by manifest.
2648 silly tarball no local data for fast-deep-equal@https://registry.npmjs.org/fast-deep-equal/-/fast-deep-equal-3.1.3.tgz. Extracting by manifest.
2649 silly tarball no local data for esutils@https://registry.npmjs.org/esutils/-/esutils-2.0.3.tgz. Extracting by manifest.
2650 silly tarball no local data for espree@https://registry.npmjs.org/espree/-/espree-10.4.0.tgz. Extracting by manifest.
2651 silly tarball no local data for eslint-visitor-keys@https://registry.npmjs.org/eslint-visitor-keys/-/eslint-visitor-keys-4.2.1.tgz. Extracting by manifest.
2652 silly tarball no local data for esquery@https://registry.npmjs.org/esquery/-/esquery-1.7.0.tgz. Extracting by manifest.
2653 silly tarball no local data for eslint-scope@https://registry.npmjs.org/eslint-scope/-/eslint-scope-8.4.0.tgz. Extracting by manifest.
2654 silly tarball no local data for debug@https://registry.npmjs.org/debug/-/debug-4.4.3.tgz. Extracting by manifest.
2655 silly tarball no local data for escape-string-regexp@https://registry.npmjs.org/escape-string-regexp/-/escape-string-regexp-4.0.0.tgz. Extracting by manifest.
2656 silly tarball no local data for @types/estree@https://registry.npmjs.org/@types/estree/-/estree-1.0.9.tgz. Extracting by manifest.
2657 silly tarball no local data for @humanwhocodes/retry@https://registry.npmjs.org/@humanwhocodes/retry/-/retry-0.4.3.tgz. Extracting by manifest.
2658 silly tarball no local data for chalk@https://registry.npmjs.org/chalk/-/chalk-4.1.2.tgz. Extracting by manifest.
2659 silly tarball no local data for @humanwhocodes/module-importer@https://registry.npmjs.org/@humanwhocodes/module-importer/-/module-importer-1.0.1.tgz. Extracting by manifest.
2660 silly tarball no local data for cross-spawn@https://registry.npmjs.org/cross-spawn/-/cross-spawn-7.0.6.tgz. Extracting by manifest.
2661 silly tarball no local data for ajv@https://registry.npmjs.org/ajv/-/ajv-6.15.0.tgz. Extracting by manifest.
2662 silly tarball no local data for @humanfs/node@https://registry.npmjs.org/@humanfs/node/-/node-0.16.8.tgz. Extracting by manifest.
2663 silly tarball no local data for @eslint/plugin-kit@https://registry.npmjs.org/@eslint/plugin-kit/-/plugin-kit-0.4.1.tgz. Extracting by manifest.
2664 silly tarball no local data for @eslint/js@https://registry.npmjs.org/@eslint/js/-/js-9.39.5.tgz. Extracting by manifest.
2665 silly tarball no local data for @eslint/eslintrc@https://registry.npmjs.org/@eslint/eslintrc/-/eslintrc-3.3.7.tgz. Extracting by manifest.
2666 silly tarball no local data for @eslint/core@https://registry.npmjs.org/@eslint/core/-/core-0.17.0.tgz. Extracting by manifest.
2667 silly tarball no local data for @eslint/config-helpers@https://registry.npmjs.org/@eslint/config-helpers/-/config-helpers-0.4.2.tgz. Extracting by manifest.
2668 silly tarball no local data for @eslint/config-array@https://registry.npmjs.org/@eslint/config-array/-/config-array-0.21.2.tgz. Extracting by manifest.
2669 silly tarball no local data for @eslint-community/regexpp@https://registry.npmjs.org/@eslint-community/regexpp/-/regexpp-4.12.2.tgz. Extracting by manifest.
2670 silly tarball no local data for @eslint-community/eslint-utils@https://registry.npmjs.org/@eslint-community/eslint-utils/-/eslint-utils-4.10.1.tgz. Extracting by manifest.
2671 silly tarball no local data for @supabase/phoenix@https://registry.npmjs.org/@supabase/phoenix/-/phoenix-0.4.5.tgz. Extracting by manifest.
2672 silly tarball no local data for iceberg-js@https://registry.npmjs.org/iceberg-js/-/iceberg-js-0.8.1.tgz. Extracting by manifest.
2673 silly tarball no local data for tslib@https://registry.npmjs.org/tslib/-/tslib-2.8.1.tgz. Extracting by manifest.
2674 silly tarball no local data for @supabase/storage-js@https://registry.npmjs.org/@supabase/storage-js/-/storage-js-2.117.2.tgz. Extracting by manifest.
2675 silly tarball no local data for @supabase/realtime-js@https://registry.npmjs.org/@supabase/realtime-js/-/realtime-js-2.117.2.tgz. Extracting by manifest.
2676 silly tarball no local data for @supabase/postgrest-js@https://registry.npmjs.org/@supabase/postgrest-js/-/postgrest-js-2.117.2.tgz. Extracting by manifest.
2677 silly tarball no local data for @supabase/functions-js@https://registry.npmjs.org/@supabase/functions-js/-/functions-js-2.117.2.tgz. Extracting by manifest.
2678 silly tarball no local data for @supabase/auth-js@https://registry.npmjs.org/@supabase/auth-js/-/auth-js-2.117.2.tgz. Extracting by manifest.
2679 silly tarball no local data for cookie@https://registry.npmjs.org/cookie/-/cookie-0.7.2.tgz. Extracting by manifest.
2680 silly tarball no local data for @types/cookie@https://registry.npmjs.org/@types/cookie/-/cookie-0.6.0.tgz. Extracting by manifest.
2681 silly tarball no local data for react-dom@https://registry.npmjs.org/react-dom/-/react-dom-19.3.0.tgz. Extracting by manifest.
2682 silly tarball no local data for next@https://registry.npmjs.org/next/-/next-15.5.26.tgz. Extracting by manifest.
2683 silly tarball no local data for react@https://registry.npmjs.org/react/-/react-19.3.0.tgz. Extracting by manifest.
2684 silly tarball no local data for lucide-react@https://registry.npmjs.org/lucide-react/-/lucide-react-0.468.0.tgz. Extracting by manifest.
2685 silly tarball no local data for eslint-config-next@https://registry.npmjs.org/eslint-config-next/-/eslint-config-next-15.5.26.tgz. Extracting by manifest.
2686 silly tarball no local data for eslint@https://registry.npmjs.org/eslint/-/eslint-9.39.5.tgz. Extracting by manifest.
2687 silly tarball no local data for @supabase/supabase-js@https://registry.npmjs.org/@supabase/supabase-js/-/supabase-js-2.117.2.tgz. Extracting by manifest.
2688 silly tarball no local data for @supabase/ssr@https://registry.npmjs.org/@supabase/ssr/-/ssr-0.5.2.tgz. Extracting by manifest.
2689 silly tarball no local data for debug@https://registry.npmjs.org/debug/-/debug-3.2.7.tgz. Extracting by manifest.
2690 silly tarball no local data for picomatch@https://registry.npmjs.org/picomatch/-/picomatch-4.0.7.tgz. Extracting by manifest.
2691 silly tarball no local data for semver@https://registry.npmjs.org/semver/-/semver-6.3.1.tgz. Extracting by manifest.
2692 silly tarball no local data for fdir@https://registry.npmjs.org/fdir/-/fdir-6.5.0.tgz. Extracting by manifest.
2693 silly tarball no local data for balanced-match@https://registry.npmjs.org/balanced-match/-/balanced-match-4.0.4.tgz. Extracting by manifest.
2694 silly tarball no local data for brace-expansion@https://registry.npmjs.org/brace-expansion/-/brace-expansion-5.0.12.tgz. Extracting by manifest.
2695 silly tarball no local data for eslint-visitor-keys@https://registry.npmjs.org/eslint-visitor-keys/-/eslint-visitor-keys-5.0.1.tgz. Extracting by manifest.
2696 silly tarball no local data for minimatch@https://registry.npmjs.org/minimatch/-/minimatch-10.2.6.tgz. Extracting by manifest.
2697 silly tarball no local data for glob-parent@https://registry.npmjs.org/glob-parent/-/glob-parent-5.1.2.tgz. Extracting by manifest.
2698 silly tarball no local data for semver@https://registry.npmjs.org/semver/-/semver-6.3.1.tgz. Extracting by manifest.
2699 silly tarball no local data for debug@https://registry.npmjs.org/debug/-/debug-3.2.7.tgz. Extracting by manifest.
2700 silly tarball no local data for semver@https://registry.npmjs.org/semver/-/semver-6.3.1.tgz. Extracting by manifest.
2701 silly tarball no local data for debug@https://registry.npmjs.org/debug/-/debug-3.2.7.tgz. Extracting by manifest.
2702 silly tarball no local data for ignore@https://registry.npmjs.org/ignore/-/ignore-7.0.10.tgz. Extracting by manifest.
2703 silly tarball no local data for eslint-visitor-keys@https://registry.npmjs.org/eslint-visitor-keys/-/eslint-visitor-keys-3.4.3.tgz. Extracting by manifest.
2704 http fetch GET 200 https://registry.npmjs.org/is-weakset/-/is-weakset-2.0.4.tgz 2794ms (cache miss)
2705 http fetch GET 200 https://registry.npmjs.org/is-weakmap/-/is-weakmap-2.0.2.tgz 5529ms (cache miss)
2706 http fetch GET 200 https://registry.npmjs.org/which-boxed-primitive/-/which-boxed-primitive-1.1.1.tgz 8556ms (cache miss)
2707 http fetch GET 200 https://registry.npmjs.org/is-map/-/is-map-2.0.3.tgz 8571ms (cache miss)
2708 http fetch GET 200 https://registry.npmjs.org/reflect.getprototypeof/-/reflect.getprototypeof-1.0.10.tgz 9775ms (cache miss)
2709 http fetch GET 200 https://registry.npmjs.org/callsites/-/callsites-3.1.0.tgz 33260ms (cache miss)
2710 http fetch GET 200 https://registry.npmjs.org/yocto-queue/-/yocto-queue-0.1.0.tgz 33413ms (cache miss)
2711 http fetch GET 200 https://registry.npmjs.org/client-only/-/client-only-0.0.1.tgz 35597ms (cache miss)
2712 http fetch GET 200 https://registry.npmjs.org/is-number/-/is-number-7.0.0.tgz 35620ms (cache miss)
2713 http fetch GET 200 https://registry.npmjs.org/for-each/-/for-each-0.3.5.tgz 35674ms (cache miss)
2714 http fetch GET 200 https://registry.npmjs.org/strip-bom/-/strip-bom-3.0.0.tgz 35679ms (cache miss)
2715 http fetch GET 200 https://registry.npmjs.org/supports-preserve-symlinks-flag/-/supports-preserve-symlinks-flag-1.0.0.tgz 35709ms (cache miss)
2716 http fetch GET 200 https://registry.npmjs.org/queue-microtask/-/queue-microtask-1.2.3.tgz 35715ms (cache miss)
2717 http fetch GET 200 https://registry.npmjs.org/path-parse/-/path-parse-1.0.7.tgz 35713ms (cache miss)
2718 http fetch GET 200 https://registry.npmjs.org/object-assign/-/object-assign-4.1.1.tgz 35717ms (cache miss)
2719 http fetch GET 200 https://registry.npmjs.org/@next/env/-/env-15.5.26.tgz 35743ms (cache miss)
2720 http fetch GET 200 https://registry.npmjs.org/p-locate/-/p-locate-5.0.0.tgz 35724ms (cache miss)
2721 http fetch GET 200 https://registry.npmjs.org/is-extglob/-/is-extglob-2.1.1.tgz 35714ms (cache miss)
2722 http fetch GET 200 https://registry.npmjs.org/json-buffer/-/json-buffer-3.0.1.tgz 35733ms (cache miss)
2723 http fetch GET 200 https://registry.npmjs.org/is-document.all/-/is-document.all-1.0.0.tgz 35721ms (cache miss)
2724 http fetch GET 200 https://registry.npmjs.org/parent-module/-/parent-module-1.0.1.tgz 35723ms (cache miss)
2725 http fetch GET 200 https://registry.npmjs.org/keyv/-/keyv-4.5.4.tgz 35721ms (cache miss)
2726 http fetch GET 200 https://registry.npmjs.org/run-parallel/-/run-parallel-1.2.0.tgz 35717ms (cache miss)
2727 http fetch GET 200 https://registry.npmjs.org/@nodelib/fs.stat/-/fs.stat-2.0.5.tgz 35717ms (cache miss)
2728 http fetch GET 200 https://registry.npmjs.org/es-abstract-get/-/es-abstract-get-1.0.0.tgz 35711ms (cache miss)
2729 http fetch GET 200 https://registry.npmjs.org/is-date-object/-/is-date-object-1.1.0.tgz 35713ms (cache miss)
2730 http fetch GET 200 https://registry.npmjs.org/has-tostringtag/-/has-tostringtag-1.0.2.tgz 35712ms (cache miss)
2731 http fetch GET 200 https://registry.npmjs.org/unbox-primitive/-/unbox-primitive-1.1.0.tgz 35720ms (cache miss)
2732 http fetch GET 200 https://registry.npmjs.org/typed-array-byte-offset/-/typed-array-byte-offset-1.0.5.tgz 35721ms (cache miss)
2733 http fetch GET 200 https://registry.npmjs.org/@types/json5/-/json5-0.0.29.tgz 35831ms (cache miss)
2734 http fetch GET 200 https://registry.npmjs.org/string.prototype.trim/-/string.prototype.trim-1.2.11.tgz 35718ms (cache miss)
2735 http fetch GET 200 https://registry.npmjs.org/is-weakref/-/is-weakref-1.1.1.tgz 35737ms (cache miss)
2736 http fetch GET 200 https://registry.npmjs.org/is-shared-array-buffer/-/is-shared-array-buffer-1.0.4.tgz 35747ms (cache miss)
2737 http fetch GET 200 https://registry.npmjs.org/is-callable/-/is-callable-1.2.7.tgz 35744ms (cache miss)
2738 http fetch GET 200 https://registry.npmjs.org/estraverse/-/estraverse-5.3.0.tgz 35780ms (cache miss)
2739 http fetch GET 200 https://registry.npmjs.org/get-symbol-description/-/get-symbol-description-1.1.0.tgz 35743ms (cache miss)
2740 http fetch GET 200 https://registry.npmjs.org/is-typed-array/-/is-typed-array-1.1.15.tgz 35760ms (cache miss)
2741 http fetch GET 200 https://registry.npmjs.org/safe-regex-test/-/safe-regex-test-1.1.0.tgz 35767ms (cache miss)
2742 http fetch GET 200 https://registry.npmjs.org/available-typed-arrays/-/available-typed-arrays-1.0.7.tgz 35754ms (cache miss)
2743 http fetch GET 200 https://registry.npmjs.org/has-property-descriptors/-/has-property-descriptors-1.0.2.tgz 35746ms (cache miss)
2744 http fetch GET 200 https://registry.npmjs.org/has-flag/-/has-flag-4.0.0.tgz 35891ms (cache miss)
2745 http fetch GET 200 https://registry.npmjs.org/own-keys/-/own-keys-1.0.2.tgz 35775ms (cache miss)
2746 http fetch GET 200 https://registry.npmjs.org/call-bound/-/call-bound-1.0.4.tgz 35741ms (cache miss)
2747 http fetch GET 200 https://registry.npmjs.org/es-define-property/-/es-define-property-1.0.1.tgz 35752ms (cache miss)
2748 http fetch GET 200 https://registry.npmjs.org/isarray/-/isarray-2.0.5.tgz 35897ms (cache miss)
2749 http fetch GET 200 https://registry.npmjs.org/@rtsao/scc/-/scc-1.1.0.tgz 35741ms (cache miss)
2750 http fetch GET 200 https://registry.npmjs.org/stable-hash/-/stable-hash-0.0.5.tgz 35743ms (cache miss)
2751 http fetch GET 200 https://registry.npmjs.org/string.prototype.trimend/-/string.prototype.trimend-1.0.10.tgz 35752ms (cache miss)
2752 http fetch GET 200 https://registry.npmjs.org/call-bind/-/call-bind-1.0.9.tgz 35755ms (cache miss)
2753 http fetch GET 200 https://registry.npmjs.org/@typescript-eslint/tsconfig-utils/-/tsconfig-utils-8.70.1.tgz 35743ms (cache miss)
2754 http fetch GET 200 https://registry.npmjs.org/@nolyfill/is-core-module/-/is-core-module-1.0.39.tgz 35748ms (cache miss)
2755 http fetch GET 200 https://registry.npmjs.org/array.prototype.findlastindex/-/array.prototype.findlastindex-1.2.6.tgz 35745ms (cache miss)
2756 http fetch GET 200 https://registry.npmjs.org/ms/-/ms-2.1.3.tgz 35740ms (cache miss)
2757 http fetch GET 200 https://registry.npmjs.org/color-name/-/color-name-1.1.4.tgz 35742ms (cache miss)
2758 http fetch GET 200 https://registry.npmjs.org/path-key/-/path-key-3.1.1.tgz 35744ms (cache miss)
2759 http fetch GET 200 https://registry.npmjs.org/json-schema-traverse/-/json-schema-traverse-0.4.1.tgz 35747ms (cache miss)
2760 http fetch GET 200 https://registry.npmjs.org/supports-color/-/supports-color-7.2.0.tgz 35753ms (cache miss)
2761 http fetch GET 200 https://registry.npmjs.org/fast-json-stable-stringify/-/fast-json-stable-stringify-2.1.0.tgz 35749ms (cache miss)
2762 http fetch GET 200 https://registry.npmjs.org/to-regex-range/-/to-regex-range-5.0.1.tgz 35899ms (cache miss)
2763 http fetch GET 200 https://registry.npmjs.org/levn/-/levn-0.4.1.tgz 35754ms (cache miss)
2764 http fetch GET 200 https://registry.npmjs.org/import-fresh/-/import-fresh-3.3.1.tgz 35753ms (cache miss)
2765 http fetch GET 200 https://registry.npmjs.org/@types/json-schema/-/json-schema-7.0.15.tgz 35757ms (cache miss)
2766 http fetch GET 200 https://registry.npmjs.org/json-stable-stringify-without-jsonify/-/json-stable-stringify-without-jsonify-1.0.1.tgz 35757ms (cache miss)
2767 http fetch GET 200 https://registry.npmjs.org/optionator/-/optionator-0.9.4.tgz 35760ms (cache miss)
2768 http fetch GET 200 https://registry.npmjs.org/is-glob/-/is-glob-4.0.3.tgz 35759ms (cache miss)
2769 http fetch GET 200 https://registry.npmjs.org/resolve-from/-/resolve-from-4.0.0.tgz 35898ms (cache miss)
2770 http fetch GET 200 https://registry.npmjs.org/find-up/-/find-up-5.0.0.tgz 35761ms (cache miss)
2771 http fetch GET 200 https://registry.npmjs.org/file-entry-cache/-/file-entry-cache-8.0.0.tgz 35768ms (cache miss)
2772 http fetch GET 200 https://registry.npmjs.org/ignore/-/ignore-5.3.2.tgz 35772ms (cache miss)
2773 http fetch GET 200 https://registry.npmjs.org/@types/estree/-/estree-1.0.9.tgz 35765ms (cache miss)
2774 http fetch GET 200 https://registry.npmjs.org/chalk/-/chalk-4.1.2.tgz 35784ms (cache miss)
2775 http fetch GET 200 https://registry.npmjs.org/escape-string-regexp/-/escape-string-regexp-4.0.0.tgz 35788ms (cache miss)
2776 http fetch GET 200 https://registry.npmjs.org/@eslint/js/-/js-9.39.5.tgz 35787ms (cache miss)
2777 http fetch GET 200 https://registry.npmjs.org/shebang-regex/-/shebang-regex-3.0.0.tgz 36005ms (cache miss)
2778 http fetch GET 200 https://registry.npmjs.org/path-exists/-/path-exists-4.0.0.tgz 35935ms (cache miss)
2779 http fetch GET 200 https://registry.npmjs.org/locate-path/-/locate-path-6.0.0.tgz 35948ms (cache miss)
2780 http fetch GET 200 https://registry.npmjs.org/merge2/-/merge2-1.4.1.tgz 35941ms (cache miss)
2781 http fetch GET 200 https://registry.npmjs.org/damerau-levenshtein/-/damerau-levenshtein-1.0.8.tgz 35935ms (cache miss)
2782 http fetch GET 200 https://registry.npmjs.org/safe-push-apply/-/safe-push-apply-1.0.0.tgz 35930ms (cache miss)
2783 http fetch GET 200 https://registry.npmjs.org/word-wrap/-/word-wrap-1.2.5.tgz 36025ms (cache miss)
2784 http fetch GET 200 https://registry.npmjs.org/eslint-config-next/-/eslint-config-next-15.5.26.tgz 35820ms (cache miss)
2785 http fetch GET 200 https://registry.npmjs.org/@humanwhocodes/module-importer/-/module-importer-1.0.1.tgz 35851ms (cache miss)
2786 http fetch GET 200 https://registry.npmjs.org/string.prototype.trimstart/-/string.prototype.trimstart-1.0.8.tgz 35957ms (cache miss)
2787 http fetch GET 200 https://registry.npmjs.org/internal-slot/-/internal-slot-1.1.0.tgz 35955ms (cache miss)
2788 http fetch GET 200 https://registry.npmjs.org/gopd/-/gopd-1.2.0.tgz 35947ms (cache miss)
2789 http fetch GET 200 https://registry.npmjs.org/stop-iteration-iterator/-/stop-iteration-iterator-1.1.0.tgz 35973ms (cache miss)
2790 http fetch GET 200 https://registry.npmjs.org/balanced-match/-/balanced-match-4.0.4.tgz 35849ms (cache miss)
2791 http fetch GET 200 https://registry.npmjs.org/define-data-property/-/define-data-property-1.1.4.tgz 35941ms (cache miss)
2792 http fetch GET 200 https://registry.npmjs.org/@types/cookie/-/cookie-0.6.0.tgz 35864ms (cache miss)
2793 http fetch GET 200 https://registry.npmjs.org/math-intrinsics/-/math-intrinsics-1.1.0.tgz 35944ms (cache miss)
2794 http fetch GET 200 https://registry.npmjs.org/hasown/-/hasown-2.0.4.tgz 35936ms (cache miss)
2795 http fetch GET 200 https://registry.npmjs.org/balanced-match/-/balanced-match-1.0.2.tgz 36067ms (cache miss)
2796 http fetch GET 200 https://registry.npmjs.org/@typescript-eslint/project-service/-/project-service-8.70.1.tgz 35930ms (cache miss)
2797 http fetch GET 200 https://registry.npmjs.org/p-limit/-/p-limit-3.1.0.tgz 36088ms (cache miss)
2798 http fetch GET 200 https://registry.npmjs.org/is-bun-module/-/is-bun-module-2.0.0.tgz 35946ms (cache miss)
2799 http fetch GET 200 https://registry.npmjs.org/eslint-import-resolver-node/-/eslint-import-resolver-node-0.3.10.tgz 35932ms (cache miss)
2800 http fetch GET 200 https://registry.npmjs.org/eslint-import-resolver-typescript/-/eslint-import-resolver-typescript-3.10.1.tgz 35933ms (cache miss)
2801 http fetch GET 200 https://registry.npmjs.org/shebang-command/-/shebang-command-2.0.0.tgz 35931ms (cache miss)
2802 http fetch GET 200 https://registry.npmjs.org/array.prototype.flat/-/array.prototype.flat-1.3.3.tgz 35934ms (cache miss)
2803 http fetch GET 200 https://registry.npmjs.org/natural-compare/-/natural-compare-1.4.0.tgz 35929ms (cache miss)
2804 http fetch GET 200 https://registry.npmjs.org/cross-spawn/-/cross-spawn-7.0.6.tgz 35919ms (cache miss)
2805 http fetch GET 200 https://registry.npmjs.org/@nodelib/fs.scandir/-/fs.scandir-2.1.5.tgz 36071ms (cache miss)
2806 http fetch GET 200 https://registry.npmjs.org/es-errors/-/es-errors-1.3.0.tgz 35986ms (cache miss)
2807 http fetch GET 200 https://registry.npmjs.org/get-intrinsic/-/get-intrinsic-1.3.0.tgz 36011ms (cache miss)
2808 http fetch GET 200 https://registry.npmjs.org/strip-json-comments/-/strip-json-comments-3.1.1.tgz 35965ms (cache miss)
2809 http fetch GET 200 https://registry.npmjs.org/@eslint/config-helpers/-/config-helpers-0.4.2.tgz 35946ms (cache miss)
2810 http fetch GET 200 https://registry.npmjs.org/lodash.merge/-/lodash.merge-4.6.2.tgz 35964ms (cache miss)
2811 http fetch GET 200 https://registry.npmjs.org/esrecurse/-/esrecurse-4.3.0.tgz 36085ms (cache miss)
2812 http fetch GET 200 https://registry.npmjs.org/data-view-byte-length/-/data-view-byte-length-1.0.2.tgz 36038ms (cache miss)
2813 http fetch GET 200 https://registry.npmjs.org/fast-levenshtein/-/fast-levenshtein-2.0.6.tgz 36150ms (cache miss)
2814 http fetch GET 200 https://registry.npmjs.org/eslint-visitor-keys/-/eslint-visitor-keys-5.0.1.tgz 35998ms (cache miss)
2815 http fetch GET 200 https://registry.npmjs.org/brace-expansion/-/brace-expansion-5.0.12.tgz 36006ms (cache miss)
2816 http fetch GET 200 https://registry.npmjs.org/glob-parent/-/glob-parent-6.0.2.tgz 36048ms (cache miss)
2817 http fetch GET 200 https://registry.npmjs.org/imurmurhash/-/imurmurhash-0.1.4.tgz 36051ms (cache miss)
2818 http fetch GET 200 https://registry.npmjs.org/minimatch/-/minimatch-3.1.5.tgz 36055ms (cache miss)
2819 http fetch GET 200 https://registry.npmjs.org/ansi-styles/-/ansi-styles-4.3.0.tgz 36070ms (cache miss)
2820 http fetch GET 200 https://registry.npmjs.org/eslint-visitor-keys/-/eslint-visitor-keys-4.2.1.tgz 36050ms (cache miss)
2821 http fetch GET 200 https://registry.npmjs.org/cookie/-/cookie-0.7.2.tgz 36050ms (cache miss)
2822 http fetch GET 200 https://registry.npmjs.org/fill-range/-/fill-range-7.1.1.tgz 36265ms (cache miss)
2823 http fetch GET 200 https://registry.npmjs.org/punycode/-/punycode-2.3.1.tgz 36327ms (cache miss)
2824 http fetch GET 200 https://registry.npmjs.org/glob-parent/-/glob-parent-5.1.2.tgz 36079ms (cache miss)
2825 http fetch GET 200 https://registry.npmjs.org/@humanfs/types/-/types-0.15.0.tgz 36513ms (cache miss)
2826 http fetch GET 200 https://registry.npmjs.org/brace-expansion/-/brace-expansion-1.1.21.tgz 36667ms (cache miss)
2827 http fetch GET 200 https://registry.npmjs.org/picocolors/-/picocolors-1.1.1.tgz 36737ms (cache miss)
2828 http fetch GET 200 https://registry.npmjs.org/ast-types-flow/-/ast-types-flow-0.0.8.tgz 36672ms (cache miss)
2829 http fetch GET 200 https://registry.npmjs.org/which/-/which-2.0.2.tgz 36640ms (cache miss)
2830 http fetch GET 200 https://registry.npmjs.org/language-tags/-/language-tags-1.0.9.tgz 36781ms (cache miss)
2831 http fetch GET 200 https://registry.npmjs.org/type-check/-/type-check-0.4.0.tgz 36844ms (cache miss)
2832 http fetch GET 200 https://registry.npmjs.org/acorn-jsx/-/acorn-jsx-5.3.2.tgz 36822ms (cache miss)
2833 http fetch GET 200 https://registry.npmjs.org/unrs-resolver/-/unrs-resolver-1.12.2.tgz 36748ms (cache miss)
2834 http fetch GET 200 https://registry.npmjs.org/js-tokens/-/js-tokens-4.0.0.tgz 36948ms (cache miss)
2835 http fetch GET 200 https://registry.npmjs.org/is-core-module/-/is-core-module-2.17.0.tgz 36797ms (cache miss)
2836 http fetch GET 200 https://registry.npmjs.org/concat-map/-/concat-map-0.0.1.tgz 36951ms (cache miss)
2837 http fetch GET 200 https://registry.npmjs.org/which-builtin-type/-/which-builtin-type-1.2.1.tgz 36993ms (cache miss)
2838 http fetch GET 200 https://registry.npmjs.org/color-convert/-/color-convert-2.0.1.tgz 36837ms (cache miss)
2839 http fetch GET 200 https://registry.npmjs.org/semver/-/semver-6.3.1.tgz 36794ms (cache miss)
2840 http fetch GET 200 https://registry.npmjs.org/isexe/-/isexe-2.0.0.tgz 37045ms (cache miss)
2841 http fetch GET 200 https://registry.npmjs.org/globals/-/globals-14.0.0.tgz 36833ms (cache miss)
2842 http fetch GET 200 https://registry.npmjs.org/loose-envify/-/loose-envify-1.4.0.tgz 36951ms (cache miss)
2843 http fetch GET 200 https://registry.npmjs.org/semver/-/semver-6.3.1.tgz 36808ms (cache miss)
2844 http fetch GET 200 https://registry.npmjs.org/semver/-/semver-6.3.1.tgz 36812ms (cache miss)
2845 http fetch GET 200 https://registry.npmjs.org/@eslint/core/-/core-0.17.0.tgz 36833ms (cache miss)
2846 http fetch GET 200 https://registry.npmjs.org/flat-cache/-/flat-cache-4.0.1.tgz 36975ms (cache miss)
2847 http fetch GET 200 https://registry.npmjs.org/iterator.prototype/-/iterator.prototype-1.1.5.tgz 37001ms (cache miss)
2848 http fetch GET 200 https://registry.npmjs.org/has-bigints/-/has-bigints-1.1.0.tgz 37117ms (cache miss)
2849 http fetch GET 200 https://registry.npmjs.org/ignore/-/ignore-7.0.10.tgz 36891ms (cache miss)
2850 http fetch GET 200 https://registry.npmjs.org/micromatch/-/micromatch-4.0.8.tgz 37104ms (cache miss)
2851 http fetch GET 200 https://registry.npmjs.org/@typescript-eslint/parser/-/parser-8.70.1.tgz 37031ms (cache miss)
2852 http fetch GET 200 https://registry.npmjs.org/set-function-name/-/set-function-name-2.0.2.tgz 37148ms (cache miss)
2853 http fetch GET 200 https://registry.npmjs.org/resolve-pkg-maps/-/resolve-pkg-maps-1.0.0.tgz 37165ms (cache miss)
2854 http fetch GET 200 https://registry.npmjs.org/define-properties/-/define-properties-1.2.1.tgz 37146ms (cache miss)
2855 http fetch GET 200 https://registry.npmjs.org/tinyglobby/-/tinyglobby-0.2.17.tgz 37153ms (cache miss)
2856 http fetch GET 200 https://registry.npmjs.org/debug/-/debug-4.4.3.tgz 37112ms (cache miss)
2857 http fetch GET 200 https://registry.npmjs.org/esutils/-/esutils-2.0.3.tgz 37133ms (cache miss)
2858 http fetch GET 200 https://registry.npmjs.org/fdir/-/fdir-6.5.0.tgz 37153ms (cache miss)
2859 http fetch GET 200 https://registry.npmjs.org/deep-is/-/deep-is-0.1.4.tgz 37377ms (cache miss)
2860 http fetch GET 200 https://registry.npmjs.org/es-set-tostringtag/-/es-set-tostringtag-2.1.0.tgz 37277ms (cache miss)
2861 http fetch GET 200 https://registry.npmjs.org/detect-libc/-/detect-libc-2.1.2.tgz 37408ms (cache miss)
2862 http fetch GET 200 https://registry.npmjs.org/react-is/-/react-is-16.13.1.tgz 37407ms (cache miss)
2863 http fetch GET 200 https://registry.npmjs.org/possible-typed-array-names/-/possible-typed-array-names-1.1.0.tgz 37321ms (cache miss)
2864 http fetch GET 200 https://registry.npmjs.org/which-typed-array/-/which-typed-array-1.1.24.tgz 37376ms (cache miss)
2865 http fetch GET 200 https://registry.npmjs.org/@img/colour/-/colour-1.1.0.tgz 37480ms (cache miss)
2866 http fetch GET 200 https://registry.npmjs.org/which-collection/-/which-collection-1.0.2.tgz 37510ms (cache miss)
2867 http fetch GET 200 https://registry.npmjs.org/@humanfs/node/-/node-0.16.8.tgz 37285ms (cache miss)
2868 http fetch GET 200 https://registry.npmjs.org/is-bigint/-/is-bigint-1.1.0.tgz 37518ms (cache miss)
2869 http fetch GET 200 https://registry.npmjs.org/is-finalizationregistry/-/is-finalizationregistry-1.1.1.tgz 37528ms (cache miss)
2870 http fetch GET 200 https://registry.npmjs.org/is-array-buffer/-/is-array-buffer-3.0.5.tgz 37398ms (cache miss)
2871 http fetch GET 200 https://registry.npmjs.org/functions-have-names/-/functions-have-names-1.2.3.tgz 37467ms (cache miss)
2872 http fetch GET 200 https://registry.npmjs.org/typed-array-buffer/-/typed-array-buffer-1.0.3.tgz 37442ms (cache miss)
2873 http fetch GET 200 https://registry.npmjs.org/get-tsconfig/-/get-tsconfig-4.14.3.tgz 37389ms (cache miss)
2874 http fetch GET 200 https://registry.npmjs.org/typed-array-byte-length/-/typed-array-byte-length-1.0.3.tgz 37452ms (cache miss)
2875 http fetch GET 200 https://registry.npmjs.org/data-view-byte-offset/-/data-view-byte-offset-1.0.1.tgz 37427ms (cache miss)
2876 http fetch GET 200 https://registry.npmjs.org/is-regex/-/is-regex-1.2.1.tgz 37440ms (cache miss)
2877 http fetch GET 200 https://registry.npmjs.org/array-buffer-byte-length/-/array-buffer-byte-length-1.0.2.tgz 37425ms (cache miss)
2878 http fetch GET 200 https://registry.npmjs.org/is-string/-/is-string-1.1.1.tgz 37412ms (cache miss)
2879 http fetch GET 200 https://registry.npmjs.org/data-view-buffer/-/data-view-buffer-1.0.2.tgz 38299ms (cache miss)
2880 http fetch GET 200 https://registry.npmjs.org/typed-array-length/-/typed-array-length-1.0.8.tgz 38425ms (cache miss)
2881 http fetch GET 200 https://registry.npmjs.org/debug/-/debug-3.2.7.tgz 38531ms (cache miss)
2882 http fetch GET 200 https://registry.npmjs.org/safe-array-concat/-/safe-array-concat-1.1.4.tgz 38893ms (cache miss)
2883 http fetch GET 200 https://registry.npmjs.org/side-channel-weakmap/-/side-channel-weakmap-1.0.2.tgz 39260ms (cache miss)
2884 http fetch GET 200 https://registry.npmjs.org/object-keys/-/object-keys-1.1.1.tgz 39819ms (cache miss)
2885 http fetch GET 200 https://registry.npmjs.org/@typescript-eslint/visitor-keys/-/visitor-keys-8.70.1.tgz 40110ms (cache miss)
2886 http fetch GET 200 https://registry.npmjs.org/is-number-object/-/is-number-object-1.1.1.tgz 40300ms (cache miss)
2887 http fetch GET 200 https://registry.npmjs.org/debug/-/debug-3.2.7.tgz 40561ms (cache miss)
2888 http fetch GET 200 https://registry.npmjs.org/debug/-/debug-3.2.7.tgz 40743ms (cache miss)
2889 http fetch GET 200 https://registry.npmjs.org/side-channel-map/-/side-channel-map-1.0.1.tgz 40984ms (cache miss)
2890 http fetch GET 200 https://registry.npmjs.org/set-function-length/-/set-function-length-1.2.2.tgz 41026ms (cache miss)
2891 http fetch GET 200 https://registry.npmjs.org/argparse/-/argparse-2.0.1.tgz 41912ms (cache miss)
2892 http fetch GET 200 https://registry.npmjs.org/is-data-view/-/is-data-view-1.0.2.tgz 42495ms (cache miss)
2893 http fetch GET 200 https://registry.npmjs.org/is-boolean-object/-/is-boolean-object-1.2.2.tgz 43442ms (cache miss)
2894 http fetch GET 200 https://registry.npmjs.org/is-async-function/-/is-async-function-2.1.1.tgz 43444ms (cache miss)
2895 http fetch GET 200 https://registry.npmjs.org/side-channel/-/side-channel-1.1.1.tgz 43613ms (cache miss)
2896 http fetch GET 200 https://registry.npmjs.org/eslint-visitor-keys/-/eslint-visitor-keys-3.4.3.tgz 43570ms (cache miss)
2897 http fetch GET 200 https://registry.npmjs.org/side-channel-list/-/side-channel-list-1.0.1.tgz 44032ms (cache miss)
2898 http fetch GET 200 https://registry.npmjs.org/doctrine/-/doctrine-2.1.0.tgz 44954ms (cache miss)
2899 http fetch GET 200 https://registry.npmjs.org/is-symbol/-/is-symbol-1.1.1.tgz 45013ms (cache miss)
2900 http fetch GET 200 https://registry.npmjs.org/@humanwhocodes/retry/-/retry-0.4.3.tgz 45536ms (cache miss)
2901 http fetch GET 200 https://registry.npmjs.org/es-shim-unscopables/-/es-shim-unscopables-1.1.0.tgz 45723ms (cache miss)
2902 http fetch GET 200 https://registry.npmjs.org/is-negative-zero/-/is-negative-zero-2.0.3.tgz 45948ms (cache miss)
2903 http fetch GET 200 https://registry.npmjs.org/fast-deep-equal/-/fast-deep-equal-3.1.3.tgz 46826ms (cache miss)
2904 http fetch GET 200 https://registry.npmjs.org/is-set/-/is-set-2.0.3.tgz 48145ms (cache miss)
2905 http fetch GET 200 https://registry.npmjs.org/prelude-ls/-/prelude-ls-1.2.1.tgz 48994ms (cache miss)
2906 http fetch GET 200 https://registry.npmjs.org/function-bind/-/function-bind-1.1.2.tgz 49994ms (cache miss)
2907 http fetch GET 200 https://registry.npmjs.org/picomatch/-/picomatch-4.0.7.tgz 50176ms (cache miss)
2908 http fetch GET 200 https://registry.npmjs.org/espree/-/espree-10.4.0.tgz 51353ms (cache miss)
2909 http fetch GET 200 https://registry.npmjs.org/eslint-plugin-react-hooks/-/eslint-plugin-react-hooks-5.2.0.tgz 51709ms (cache miss)
2910 http fetch GET 200 https://registry.npmjs.org/async-function/-/async-function-1.0.0.tgz 54209ms (cache miss)
2911 http fetch GET 200 https://registry.npmjs.org/prop-types/-/prop-types-15.8.1.tgz 54834ms (cache miss)
2912 http fetch GET 200 https://registry.npmjs.org/generator-function/-/generator-function-2.0.1.tgz 55118ms (cache miss)
2913 http fetch GET 200 https://registry.npmjs.org/ts-api-utils/-/ts-api-utils-2.5.0.tgz 55561ms (cache miss)
2914 http fetch GET 200 https://registry.npmjs.org/iceberg-js/-/iceberg-js-0.8.1.tgz 56672ms (cache miss)
2915 http fetch GET 200 https://registry.npmjs.org/set-proto/-/set-proto-1.0.0.tgz 59233ms (cache miss)
2916 http fetch GET 200 https://registry.npmjs.org/string.prototype.repeat/-/string.prototype.repeat-1.0.0.tgz 59464ms (cache miss)
2917 http fetch GET 200 https://registry.npmjs.org/get-proto/-/get-proto-1.0.1.tgz 59681ms (cache miss)
2918 http fetch GET 200 https://registry.npmjs.org/is-generator-function/-/is-generator-function-1.1.2.tgz 60961ms (cache miss)
2919 http fetch GET 200 https://registry.npmjs.org/@eslint-community/regexpp/-/regexpp-4.12.2.tgz 60856ms (cache miss)
2920 http fetch GET 200 https://registry.npmjs.org/reusify/-/reusify-1.1.0.tgz 61425ms (cache miss)
2921 http fetch GET 200 https://registry.npmjs.org/dunder-proto/-/dunder-proto-1.0.1.tgz 61837ms (cache miss)
2922 http fetch GET 200 https://registry.npmjs.org/fastq/-/fastq-1.20.3.tgz 62692ms (cache miss)
2923 http fetch GET 200 https://registry.npmjs.org/json5/-/json5-1.0.2.tgz 62825ms (cache miss)
2924 http fetch GET 200 https://registry.npmjs.org/es-object-atoms/-/es-object-atoms-1.1.2.tgz 63773ms (cache miss)
2925 http fetch GET 200 https://registry.npmjs.org/tslib/-/tslib-2.8.1.tgz 63809ms (cache miss)
2926 http fetch GET 200 https://registry.npmjs.org/@eslint/object-schema/-/object-schema-2.1.7.tgz 65542ms (cache miss)
2927 http fetch GET 200 https://registry.npmjs.org/picomatch/-/picomatch-2.3.2.tgz 65693ms (cache miss)
2928 http fetch GET 200 https://registry.npmjs.org/@humanfs/core/-/core-0.19.2.tgz 65648ms (cache miss)
2929 http fetch GET 200 https://registry.npmjs.org/has-proto/-/has-proto-1.2.0.tgz 69475ms (cache miss)
2930 http fetch GET 200 https://registry.npmjs.org/braces/-/braces-3.0.3.tgz 69610ms (cache miss)
2931 http fetch GET 200 https://registry.npmjs.org/@eslint-community/eslint-utils/-/eslint-utils-4.10.1.tgz 70281ms (cache miss)
2932 http fetch GET 200 https://registry.npmjs.org/@eslint/plugin-kit/-/plugin-kit-0.4.1.tgz 70286ms (cache miss)
2933 http fetch GET 200 https://registry.npmjs.org/arraybuffer.prototype.slice/-/arraybuffer.prototype.slice-1.0.4.tgz 70369ms (cache miss)
2934 http fetch GET 200 https://registry.npmjs.org/object.fromentries/-/object.fromentries-2.0.8.tgz 70676ms (cache miss)
2935 http fetch GET 200 https://registry.npmjs.org/array.prototype.tosorted/-/array.prototype.tosorted-1.1.4.tgz 71844ms (cache miss)
2936 http fetch GET 200 https://registry.npmjs.org/flatted/-/flatted-3.4.4.tgz 71917ms (cache miss)
2937 http fetch GET 200 https://registry.npmjs.org/emoji-regex/-/emoji-regex-9.2.2.tgz 72384ms (cache miss)
2938 http fetch GET 200 https://registry.npmjs.org/object.groupby/-/object.groupby-1.0.3.tgz 73137ms (cache miss)
2939 http fetch GET 200 https://registry.npmjs.org/has-symbols/-/has-symbols-1.1.0.tgz 75063ms (cache miss)
2940 http fetch GET 200 https://registry.npmjs.org/scheduler/-/scheduler-0.28.0.tgz 75509ms (cache miss)
2941 http fetch GET 200 https://registry.npmjs.org/array.prototype.flatmap/-/array.prototype.flatmap-1.3.3.tgz 75540ms (cache miss)
2942 http fetch GET 200 https://registry.npmjs.org/globalthis/-/globalthis-1.0.4.tgz 78050ms (cache miss)
2943 http fetch GET 200 https://registry.npmjs.org/object.values/-/object.values-1.2.1.tgz 78606ms (cache miss)
2944 http fetch GET 200 https://registry.npmjs.org/regexp.prototype.flags/-/regexp.prototype.flags-1.5.4.tgz 78645ms (cache miss)
2945 http fetch GET 200 https://registry.npmjs.org/array.prototype.findlast/-/array.prototype.findlast-1.2.5.tgz 78980ms (cache miss)
2946 http fetch GET 200 https://registry.npmjs.org/@typescript-eslint/types/-/types-8.70.1.tgz 83718ms (cache miss)
2947 http fetch GET 200 https://registry.npmjs.org/string.prototype.matchall/-/string.prototype.matchall-4.1.0.tgz 83802ms (cache miss)
2948 http fetch GET 200 https://registry.npmjs.org/object.entries/-/object.entries-1.1.9.tgz 84234ms (cache miss)
2949 http fetch GET 200 https://registry.npmjs.org/call-bind-apply-helpers/-/call-bind-apply-helpers-1.0.2.tgz 86200ms (cache miss)
2950 http fetch GET 200 https://registry.npmjs.org/eslint-scope/-/eslint-scope-8.4.0.tgz 87223ms (cache miss)
2951 http fetch GET 200 https://registry.npmjs.org/array-includes/-/array-includes-3.2.0.tgz 90837ms (cache miss)
2952 http fetch GET 200 https://registry.npmjs.org/acorn/-/acorn-8.18.0.tgz 91076ms (cache miss)
2953 http fetch GET 200 https://registry.npmjs.org/es-to-primitive/-/es-to-primitive-1.3.4.tgz 95630ms (cache miss)
2954 http fetch GET 200 https://registry.npmjs.org/object.assign/-/object.assign-4.1.7.tgz 100386ms (cache miss)
2955 http fetch GET 200 https://registry.npmjs.org/source-map-js/-/source-map-js-1.2.1.tgz 101456ms (cache miss)
2956 http fetch GET 200 https://registry.npmjs.org/string.prototype.includes/-/string.prototype.includes-2.0.1.tgz 105511ms (cache miss)
2957 http fetch GET 200 https://registry.npmjs.org/function.prototype.name/-/function.prototype.name-1.2.0.tgz 109427ms (cache miss)
2958 http fetch GET 200 https://registry.npmjs.org/nanoid/-/nanoid-3.3.19.tgz 117841ms (cache miss)
2959 http fetch GET 200 https://registry.npmjs.org/minimist/-/minimist-1.2.8.tgz 121246ms (cache miss)
2960 http fetch GET 200 https://registry.npmjs.org/@eslint/config-array/-/config-array-0.21.2.tgz 122414ms (cache miss)
2961 http fetch GET 200 https://registry.npmjs.org/napi-postinstall/-/napi-postinstall-0.3.4.tgz 124562ms (cache miss)
2962 http fetch GET 200 https://registry.npmjs.org/eslint-module-utils/-/eslint-module-utils-2.14.0.tgz 128823ms (cache miss)
2963 http fetch GET 200 https://registry.npmjs.org/esquery/-/esquery-1.7.0.tgz 138331ms (cache miss)
2964 http fetch GET 200 https://registry.npmjs.org/react/-/react-19.3.0.tgz 150629ms (cache miss)
2965 http fetch GET 200 https://registry.npmjs.org/node-exports-info/-/node-exports-info-1.6.2.tgz 152740ms (cache miss)
2966 http fetch GET 200 https://registry.npmjs.org/@nodelib/fs.walk/-/fs.walk-1.2.8.tgz 163529ms (cache miss)
2967 http fetch GET 200 https://registry.npmjs.org/styled-jsx/-/styled-jsx-5.1.6.tgz 166291ms (cache miss)
2968 http fetch GET 200 https://registry.npmjs.org/object-inspect/-/object-inspect-1.13.4.tgz 166289ms (cache miss)
2969 http fetch GET 200 https://registry.npmjs.org/@unrs/resolver-binding-win32-x64-msvc/-/resolver-binding-win32-x64-msvc-1.12.2.tgz 166559ms (cache miss)
2970 http fetch GET 200 https://registry.npmjs.org/language-subtag-registry/-/language-subtag-registry-0.3.23.tgz 166828ms (cache miss)
2971 http fetch GET 200 https://registry.npmjs.org/@eslint/eslintrc/-/eslintrc-3.3.7.tgz 167639ms (cache miss)
2972 http fetch GET 200 https://registry.npmjs.org/@typescript-eslint/type-utils/-/type-utils-8.70.1.tgz 168648ms (cache miss)
2973 http fetch GET 200 https://registry.npmjs.org/@supabase/postgrest-js/-/postgrest-js-2.117.2.tgz 168603ms (cache miss)
2974 http fetch GET 200 https://registry.npmjs.org/semver/-/semver-7.8.5.tgz 168824ms (cache miss)
2975 http fetch GET 200 https://registry.npmjs.org/@supabase/storage-js/-/storage-js-2.117.2.tgz 168773ms (cache miss)
2976 http fetch GET 200 https://registry.npmjs.org/js-yaml/-/js-yaml-4.3.2.tgz 169140ms (cache miss)
2977 http fetch GET 200 https://registry.npmjs.org/@supabase/supabase-js/-/supabase-js-2.117.2.tgz 169282ms (cache miss)
2978 http fetch GET 200 https://registry.npmjs.org/postcss/-/postcss-8.4.31.tgz 169607ms (cache miss)
2979 http fetch GET 200 https://registry.npmjs.org/sharp/-/sharp-0.35.4.tgz 169972ms (cache miss)
2980 http fetch GET 200 https://registry.npmjs.org/axe-core/-/axe-core-4.13.0.tgz 169947ms (cache miss)
2981 http fetch GET 200 https://registry.npmjs.org/@supabase/functions-js/-/functions-js-2.117.2.tgz 169911ms (cache miss)
2982 http fetch GET 200 https://registry.npmjs.org/@next/eslint-plugin-next/-/eslint-plugin-next-15.5.26.tgz 170140ms (cache miss)
2983 http fetch GET 200 https://registry.npmjs.org/fast-glob/-/fast-glob-3.3.1.tgz 170236ms (cache miss)
2984 http fetch GET 200 https://registry.npmjs.org/uri-js/-/uri-js-4.4.1.tgz 170235ms (cache miss)
2985 http fetch GET 200 https://registry.npmjs.org/minimatch/-/minimatch-10.2.6.tgz 170422ms (cache miss)
2986 http fetch GET 200 https://registry.npmjs.org/@supabase/phoenix/-/phoenix-0.4.5.tgz 170659ms (cache miss)
2987 http fetch GET 200 https://registry.npmjs.org/tsconfig-paths/-/tsconfig-paths-3.15.0.tgz 171187ms (cache miss)
2988 http fetch GET 200 https://registry.npmjs.org/@typescript-eslint/typescript-estree/-/typescript-estree-8.70.1.tgz 171962ms (cache miss)
2989 http fetch GET 200 https://registry.npmjs.org/@typescript-eslint/utils/-/utils-8.70.1.tgz 172076ms (cache miss)
2990 http fetch GET 200 https://registry.npmjs.org/ajv/-/ajv-6.15.0.tgz 172423ms (cache miss)
2991 http fetch GET 200 https://registry.npmjs.org/react-dom/-/react-dom-19.3.0.tgz 172667ms (cache miss)
2992 http fetch GET 200 https://registry.npmjs.org/jsx-ast-utils/-/jsx-ast-utils-3.3.5.tgz 173082ms (cache miss)
2993 http fetch GET 200 https://registry.npmjs.org/@supabase/ssr/-/ssr-0.5.2.tgz 172946ms (cache miss)
2994 http fetch GET 200 https://registry.npmjs.org/resolve/-/resolve-2.0.0-next.7.tgz 173128ms (cache miss)
2995 http fetch GET 200 https://registry.npmjs.org/es-iterator-helpers/-/es-iterator-helpers-1.4.0.tgz 173307ms (cache miss)
2996 http fetch GET 200 https://registry.npmjs.org/@rushstack/eslint-patch/-/eslint-patch-1.16.1.tgz 173875ms (cache miss)
2997 http fetch GET 200 https://registry.npmjs.org/eslint-plugin-import/-/eslint-plugin-import-2.32.0.tgz 173966ms (cache miss)
2998 http fetch GET 200 https://registry.npmjs.org/axobject-query/-/axobject-query-4.1.0.tgz 174747ms (cache miss)
2999 http fetch GET 200 https://registry.npmjs.org/@supabase/realtime-js/-/realtime-js-2.117.2.tgz 174973ms (cache miss)
3000 http fetch GET 200 https://registry.npmjs.org/@img/sharp-win32-x64/-/sharp-win32-x64-0.35.4.tgz 175341ms (cache miss)
3001 http fetch GET 200 https://registry.npmjs.org/aria-query/-/aria-query-5.3.2.tgz 183846ms (cache miss)
3002 http fetch GET 200 https://registry.npmjs.org/eslint-plugin-jsx-a11y/-/eslint-plugin-jsx-a11y-6.10.2.tgz 204472ms (cache miss)
3003 http fetch GET 200 https://registry.npmjs.org/@supabase/auth-js/-/auth-js-2.117.2.tgz 210122ms (cache miss)
3004 http fetch GET 200 https://registry.npmjs.org/@swc/helpers/-/helpers-0.5.15.tgz 229758ms (cache miss)
3005 http fetch GET 200 https://registry.npmjs.org/@typescript-eslint/scope-manager/-/scope-manager-8.70.1.tgz 253878ms (cache miss)
3006 http fetch GET 200 https://registry.npmjs.org/typescript/-/typescript-6.0.3.tgz 254065ms (cache miss)
3007 http fetch GET 200 https://registry.npmjs.org/eslint-plugin-react/-/eslint-plugin-react-7.37.5.tgz 254295ms (cache miss)
3008 http fetch GET 200 https://registry.npmjs.org/eslint/-/eslint-9.39.5.tgz 255458ms (cache miss)
3009 warn deprecated eslint@9.39.5: This version is no longer supported. Please see https://eslint.org/version-support for other options.
3010 http fetch GET 200 https://registry.npmjs.org/@typescript-eslint/eslint-plugin/-/eslint-plugin-8.70.1.tgz 255663ms (cache miss)
3011 http fetch GET 200 https://registry.npmjs.org/caniuse-lite/-/caniuse-lite-1.0.30001812.tgz 258105ms (cache miss)
3012 http fetch GET 200 https://registry.npmjs.org/@next/swc-win32-x64-msvc/-/swc-win32-x64-msvc-15.5.26.tgz 258609ms (cache miss)
3013 http fetch GET 200 https://registry.npmjs.org/es-abstract/-/es-abstract-1.24.2.tgz 262434ms (cache miss)
3014 http fetch GET 200 https://registry.npmjs.org/lucide-react/-/lucide-react-0.468.0.tgz 271927ms (cache miss)
3015 http fetch GET 200 https://registry.npmjs.org/next/-/next-15.5.26.tgz 295065ms (cache miss)
3016 info run unrs-resolver@1.12.2 postinstall node_modules/unrs-resolver node postinstall.js
3017 info run unrs-resolver@1.12.2 postinstall { code: 0, signal: null }
3018 silly ADD node_modules/is-weakset
3019 silly ADD node_modules/is-weakmap
3020 silly ADD node_modules/is-map
3021 silly ADD node_modules/generator-function
3022 silly ADD node_modules/async-function
3023 silly ADD node_modules/which-collection
3024 silly ADD node_modules/is-generator-function
3025 silly ADD node_modules/is-finalizationregistry
3026 silly ADD node_modules/is-async-function
3027 silly ADD node_modules/is-number-object
3028 silly ADD node_modules/is-boolean-object
3029 silly ADD node_modules/is-bigint
3030 silly ADD node_modules/isexe
3031 silly ADD node_modules/punycode
3032 silly ADD node_modules/napi-postinstall
3033 silly ADD node_modules/@unrs/resolver-binding-win32-x64-msvc
3034 silly ADD node_modules/which-boxed-primitive
3035 silly ADD node_modules/has-bigints
3036 silly ADD node_modules/which-builtin-type
3037 silly ADD node_modules/reflect.getprototypeof
3038 silly ADD node_modules/for-each
3039 silly ADD node_modules/strip-bom
3040 silly ADD node_modules/minimist
3041 silly ADD node_modules/json5
3042 silly ADD node_modules/@types/json5
3043 silly ADD node_modules/is-number
3044 silly ADD node_modules/has-flag
3045 silly ADD node_modules/client-only
3046 silly ADD node_modules/side-channel-weakmap
3047 silly ADD node_modules/side-channel-map
3048 silly ADD node_modules/side-channel-list
3049 silly ADD node_modules/shebang-regex
3050 silly ADD node_modules/detect-libc
3051 silly ADD node_modules/@img/sharp-win32-x64
3052 silly ADD node_modules/@img/colour
3053 silly ADD node_modules/isarray
3054 silly ADD node_modules/queue-microtask
3055 silly ADD node_modules/supports-preserve-symlinks-flag
3056 silly ADD node_modules/path-parse
3057 silly ADD node_modules/node-exports-info
3058 silly ADD node_modules/node-exports-info/node_modules/semver
3059 silly ADD node_modules/scheduler
3060 silly ADD node_modules/js-tokens
3061 silly ADD node_modules/react-is
3062 silly ADD node_modules/object-assign
3063 silly ADD node_modules/loose-envify
3064 silly ADD node_modules/source-map-js
3065 silly ADD node_modules/picocolors
3066 silly ADD node_modules/nanoid
3067 silly ADD node_modules/callsites
3068 silly ADD node_modules/yocto-queue
3069 silly ADD node_modules/p-limit
3070 silly ADD node_modules/word-wrap
3071 silly ADD node_modules/fast-levenshtein
3072 silly ADD node_modules/deep-is
3073 silly ADD node_modules/styled-jsx
3074 silly ADD node_modules/sharp
3075 silly ADD node_modules/postcss
3076 silly ADD node_modules/caniuse-lite
3077 silly ADD node_modules/@swc/helpers
3078 silly ADD node_modules/@next/swc-win32-x64-msvc
3079 silly ADD node_modules/@next/env
3080 silly ADD node_modules/concat-map
3081 silly ADD node_modules/balanced-match
3082 silly ADD node_modules/brace-expansion
3083 silly ADD node_modules/to-regex-range
3084 silly ADD node_modules/fill-range
3085 silly ADD node_modules/picomatch
3086 silly ADD node_modules/braces
3087 silly ADD node_modules/p-locate
3088 silly ADD node_modules/type-check
3089 silly ADD node_modules/prelude-ls
3090 silly ADD node_modules/language-subtag-registry
3091 silly ADD node_modules/json-buffer
3092 silly ADD node_modules/argparse
3093 silly ADD node_modules/set-function-name
3094 silly ADD node_modules/is-extglob
3095 silly ADD node_modules/side-channel
3096 silly ADD node_modules/resolve-from
3097 silly ADD node_modules/parent-module
3098 silly ADD node_modules/resolve-pkg-maps
3099 silly ADD node_modules/dunder-proto
3100 silly ADD node_modules/is-document.all
3101 silly ADD node_modules/functions-have-names
3102 silly ADD node_modules/keyv
3103 silly ADD node_modules/flatted
3104 silly ADD node_modules/path-exists
3105 silly ADD node_modules/locate-path
3106 silly ADD node_modules/flat-cache
3107 silly ADD node_modules/reusify
3108 silly ADD node_modules/run-parallel
3109 silly ADD node_modules/fastq
3110 silly ADD node_modules/@nodelib/fs.scandir
3111 silly ADD node_modules/micromatch
3112 silly ADD node_modules/merge2
3113 silly ADD node_modules/@nodelib/fs.walk
3114 silly ADD node_modules/@nodelib/fs.stat
3115 silly ADD node_modules/acorn-jsx
3116 silly ADD node_modules/acorn
3117 silly ADD node_modules/esrecurse
3118 silly ADD node_modules/iterator.prototype
3119 silly ADD node_modules/string.prototype.repeat
3120 silly ADD node_modules/string.prototype.matchall
3121 silly ADD node_modules/prop-types
3122 silly ADD node_modules/object.entries
3123 silly ADD node_modules/estraverse
3124 silly ADD node_modules/es-iterator-helpers
3125 silly ADD node_modules/array.prototype.tosorted
3126 silly ADD node_modules/array.prototype.findlast
3127 silly ADD node_modules/string.prototype.includes
3128 silly ADD node_modules/language-tags
3129 silly ADD node_modules/jsx-ast-utils
3130 silly ADD node_modules/emoji-regex
3131 silly ADD node_modules/damerau-levenshtein
3132 silly ADD node_modules/axobject-query
3133 silly ADD node_modules/axe-core
3134 silly ADD node_modules/ast-types-flow
3135 silly ADD node_modules/aria-query
3136 silly ADD node_modules/is-symbol
3137 silly ADD node_modules/is-date-object
3138 silly ADD node_modules/es-abstract-get
3139 silly ADD node_modules/has-tostringtag
3140 silly ADD node_modules/possible-typed-array-names
3141 silly ADD node_modules/which-typed-array
3142 silly ADD node_modules/unbox-primitive
3143 silly ADD node_modules/typed-array-length
3144 silly ADD node_modules/typed-array-byte-offset
3145 silly ADD node_modules/typed-array-byte-length
3146 silly ADD node_modules/typed-array-buffer
3147 silly ADD node_modules/string.prototype.trimstart
3148 silly ADD node_modules/string.prototype.trim
3149 silly ADD node_modules/stop-iteration-iterator
3150 silly ADD node_modules/set-proto
3151 silly ADD node_modules/safe-regex-test
3152 silly ADD node_modules/safe-push-apply
3153 silly ADD node_modules/safe-array-concat
3154 silly ADD node_modules/regexp.prototype.flags
3155 silly ADD node_modules/own-keys
3156 silly ADD node_modules/object.assign
3157 silly ADD node_modules/object-inspect
3158 silly ADD node_modules/is-weakref
3159 silly ADD node_modules/is-typed-array
3160 silly ADD node_modules/is-shared-array-buffer
3161 silly ADD node_modules/is-set
3162 silly ADD node_modules/is-regex
3163 silly ADD node_modules/is-negative-zero
3164 silly ADD node_modules/is-data-view
3165 silly ADD node_modules/is-callable
3166 silly ADD node_modules/is-array-buffer
3167 silly ADD node_modules/internal-slot
3168 silly ADD node_modules/has-symbols
3169 silly ADD node_modules/has-proto
3170 silly ADD node_modules/globalthis
3171 silly ADD node_modules/get-symbol-description
3172 silly ADD node_modules/get-proto
3173 silly ADD node_modules/function.prototype.name
3174 silly ADD node_modules/es-to-primitive
3175 silly ADD node_modules/es-set-tostringtag
3176 silly ADD node_modules/data-view-byte-offset
3177 silly ADD node_modules/data-view-byte-length
3178 silly ADD node_modules/data-view-buffer
3179 silly ADD node_modules/available-typed-arrays
3180 silly ADD node_modules/arraybuffer.prototype.slice
3181 silly ADD node_modules/array-buffer-byte-length
3182 silly ADD node_modules/gopd
3183 silly ADD node_modules/object-keys
3184 silly ADD node_modules/has-property-descriptors
3185 silly ADD node_modules/define-data-property
3186 silly ADD node_modules/function-bind
3187 silly ADD node_modules/set-function-length
3188 silly ADD node_modules/get-intrinsic
3189 silly ADD node_modules/es-define-property
3190 silly ADD node_modules/call-bind-apply-helpers
3191 silly ADD node_modules/es-errors
3192 silly ADD node_modules/math-intrinsics
3193 silly ADD node_modules/is-string
3194 silly ADD node_modules/es-shim-unscopables
3195 silly ADD node_modules/es-object-atoms
3196 silly ADD node_modules/es-abstract
3197 silly ADD node_modules/define-properties
3198 silly ADD node_modules/call-bound
3199 silly ADD node_modules/call-bind
3200 silly ADD node_modules/tsconfig-paths
3201 silly ADD node_modules/string.prototype.trimend
3202 silly ADD node_modules/object.values
3203 silly ADD node_modules/object.groupby
3204 silly ADD node_modules/object.fromentries
3205 silly ADD node_modules/hasown
3206 silly ADD node_modules/eslint-module-utils
3207 silly ADD node_modules/eslint-module-utils/node_modules/debug
3208 silly ADD node_modules/doctrine
3209 silly ADD node_modules/array.prototype.flatmap
3210 silly ADD node_modules/array.prototype.flat
3211 silly ADD node_modules/array.prototype.findlastindex
3212 silly ADD node_modules/array-includes
3213 silly ADD node_modules/@rtsao/scc
3214 silly ADD node_modules/unrs-resolver
3215 silly ADD node_modules/stable-hash
3216 silly ADD node_modules/is-bun-module
3217 silly ADD node_modules/get-tsconfig
3218 silly ADD node_modules/@nolyfill/is-core-module
3219 silly ADD node_modules/resolve
3220 silly ADD node_modules/is-core-module
3221 silly ADD node_modules/tinyglobby
3222 silly ADD node_modules/tinyglobby/node_modules/picomatch
3223 silly ADD node_modules/tinyglobby/node_modules/fdir
3224 silly ADD node_modules/semver
3225 silly ADD node_modules/@typescript-eslint/tsconfig-utils
3226 silly ADD node_modules/@typescript-eslint/project-service
3227 silly ADD node_modules/@typescript-eslint/typescript-estree
3228 silly ADD node_modules/@typescript-eslint/typescript-estree/node_modules/balanced-match
3229 silly ADD node_modules/@typescript-eslint/typescript-estree/node_modules/brace-expansion
3230 silly ADD node_modules/@typescript-eslint/typescript-estree/node_modules/minimatch
3231 silly ADD node_modules/@typescript-eslint/types
3232 silly ADD node_modules/ts-api-utils
3233 silly ADD node_modules/@typescript-eslint/visitor-keys
3234 silly ADD node_modules/@typescript-eslint/visitor-keys/node_modules/eslint-visitor-keys
3235 silly ADD node_modules/@typescript-eslint/utils
3236 silly ADD node_modules/@typescript-eslint/type-utils
3237 silly ADD node_modules/@typescript-eslint/scope-manager
3238 silly ADD node_modules/fast-glob
3239 silly ADD node_modules/fast-glob/node_modules/glob-parent
3240 silly ADD node_modules/eslint-plugin-react-hooks
3241 silly ADD node_modules/eslint-plugin-react
3242 silly ADD node_modules/eslint-plugin-react/node_modules/semver
3243 silly ADD node_modules/eslint-plugin-jsx-a11y
3244 silly ADD node_modules/eslint-plugin-import
3245 silly ADD node_modules/eslint-plugin-import/node_modules/semver
3246 silly ADD node_modules/eslint-plugin-import/node_modules/debug
3247 silly ADD node_modules/eslint-import-resolver-typescript
3248 silly ADD node_modules/eslint-import-resolver-node
3249 silly ADD node_modules/eslint-import-resolver-node/node_modules/debug
3250 silly ADD node_modules/@typescript-eslint/parser
3251 silly ADD node_modules/typescript
3252 silly ADD node_modules/@typescript-eslint/eslint-plugin
3253 silly ADD node_modules/@typescript-eslint/eslint-plugin/node_modules/ignore
3254 silly ADD node_modules/@rushstack/eslint-patch
3255 silly ADD node_modules/@next/eslint-plugin-next
3256 silly ADD node_modules/ms
3257 silly ADD node_modules/which
3258 silly ADD node_modules/shebang-command
3259 silly ADD node_modules/path-key
3260 silly ADD node_modules/color-name
3261 silly ADD node_modules/color-convert
3262 silly ADD node_modules/supports-color
3263 silly ADD node_modules/ansi-styles
3264 silly ADD node_modules/uri-js
3265 silly ADD node_modules/json-schema-traverse
3266 silly ADD node_modules/fast-json-stable-stringify
3267 silly ADD node_modules/@humanfs/types
3268 silly ADD node_modules/@humanfs/core
3269 silly ADD node_modules/levn
3270 silly ADD node_modules/strip-json-comments
3271 silly ADD node_modules/js-yaml
3272 silly ADD node_modules/import-fresh
3273 silly ADD node_modules/globals
3274 silly ADD node_modules/@types/json-schema
3275 silly ADD node_modules/@eslint/object-schema
3276 silly ADD node_modules/optionator
3277 silly ADD node_modules/natural-compare
3278 silly ADD node_modules/minimatch
3279 silly ADD node_modules/lodash.merge
3280 silly ADD node_modules/json-stable-stringify-without-jsonify
3281 silly ADD node_modules/is-glob
3282 silly ADD node_modules/imurmurhash
3283 silly ADD node_modules/ignore
3284 silly ADD node_modules/glob-parent
3285 silly ADD node_modules/find-up
3286 silly ADD node_modules/file-entry-cache
3287 silly ADD node_modules/fast-deep-equal
3288 silly ADD node_modules/esutils
3289 silly ADD node_modules/esquery
3290 silly ADD node_modules/espree
3291 silly ADD node_modules/eslint-visitor-keys
3292 silly ADD node_modules/eslint-scope
3293 silly ADD node_modules/escape-string-regexp
3294 silly ADD node_modules/debug
3295 silly ADD node_modules/cross-spawn
3296 silly ADD node_modules/chalk
3297 silly ADD node_modules/ajv
3298 silly ADD node_modules/@types/estree
3299 silly ADD node_modules/@humanwhocodes/retry
3300 silly ADD node_modules/@humanwhocodes/module-importer
3301 silly ADD node_modules/@humanfs/node
3302 silly ADD node_modules/@eslint/plugin-kit
3303 silly ADD node_modules/@eslint/js
3304 silly ADD node_modules/@eslint/eslintrc
3305 silly ADD node_modules/@eslint/core
3306 silly ADD node_modules/@eslint/config-helpers
3307 silly ADD node_modules/@eslint/config-array
3308 silly ADD node_modules/@eslint-community/regexpp
3309 silly ADD node_modules/@eslint-community/eslint-utils
3310 silly ADD node_modules/@eslint-community/eslint-utils/node_modules/eslint-visitor-keys
3311 silly ADD node_modules/iceberg-js
3312 silly ADD node_modules/@supabase/phoenix
3313 silly ADD node_modules/tslib
3314 silly ADD node_modules/@supabase/storage-js
3315 silly ADD node_modules/@supabase/realtime-js
3316 silly ADD node_modules/@supabase/postgrest-js
3317 silly ADD node_modules/@supabase/functions-js
3318 silly ADD node_modules/@supabase/auth-js
3319 silly ADD node_modules/cookie
3320 silly ADD node_modules/@types/cookie
3321 silly ADD node_modules/react-dom
3322 silly ADD node_modules/next
3323 silly ADD node_modules/react
3324 silly ADD node_modules/lucide-react
3325 silly ADD node_modules/eslint-config-next
3326 silly ADD node_modules/eslint
3327 silly ADD node_modules/@supabase/supabase-js
3328 silly ADD node_modules/@supabase/ssr
3329 warn install-scripts 1 package has install scripts not yet covered by allowScripts:
3329 warn install-scripts   unrs-resolver@1.12.2 (postinstall: node postinstall.js)
3329 warn install-scripts
3329 warn install-scripts Run `npm install-scripts ls` to review, or `npm install-scripts approve <pkg>` to allow.
3330 verbose cwd C:\ai2
3331 verbose os Windows_NT 10.0.22621
3332 verbose node v24.12.0
3333 verbose npm  v11.19.1
3334 notice
3334 notice New minor version of npm available! 11.19.1 -> 11.20.0
3334 notice Changelog: https://github.com/npm/cli/releases/tag/v11.20.0
3334 notice To update run: npm install -g npm@11.20.0
3334 notice  { force: true, Symbol(proc-log.meta): true }
3335 verbose exit 0
3336 info ok
